注文番号,区分,アカウント,年月,商品名,見込みZ_KRW,実精算_KRW,差KRW,精算源,行別為替,実精算_円,見込みAB_円
23100114142486,照合OK,クーパン1,2025-05,ゴルフレーザー距離計 mini VM1/VM2 「今平周吾プ,198630,206218,-7588,snap,0.1045997,21570,20777
17100131856297,照合OK,クーパン2,2025-08,マテル(MATTEL) ジュラシックワールド(JURASSI,63163,63305,-142,MSF,0.1059,6704,6689
31100131333783,照合OK,クーパン2,2025-08,シマノ(SHIMANO) レバーブレーキ スピニングリール ,286055,286698,-643,MSF,0.1059,30361,30293
11100096150716,照合OK,クーパン1,2025-02,Geekria 60% コンパクトキーボードケース、61 キ,37273,39200,-1927,snap,0.1035,4057,3858
31100141274977,照合OK,クーパン1,2025-09,ソニー(SONY) コンデンサーマイク モノラル/電話録音用,28818,29854,-1036,MSF,0.1054107,3147,3038
18100112284409,照合OK,クーパン1,2025-05,[SEIKO]セイコー SEIKO5 セイコー5 機械式（自,206418,207577,-1159,snap,0.1045997,21712,21591
28100161726368,照合OK,クーパン1,2025-12,【医療メーカーが作るサポーターブランド】メディエイド フィッ,38288,39664,-1376,MSF,0.108625,4309,4159
29100104045012,照合OK,クーパン2,2025-03,TVCM放映中！小松菜奈さん出演【医療団体推奨】MYTREX,141261,146340,-5079,snap,0.1019,14912,14394
6100135521914,照合OK,クーパン1,2025-08,〔セイコー〕SEIKO 時計バンド ベルト19mm DX60,32156,32336,-180,MSF,0.1059,3424,3405
3100093949162,照合OK,クーパン1,2025-02,INPON 汎用 L型クイックリリースプレート L型ブラケッ,28222,29871,-1649,snap,0.1035,3092,2921
3100135066340,照合OK,クーパン1,2025-08,[FUANNA] ネックレス メンズ 人気 タングステン ネ,42124,42360,-236,MSF,0.1059,4486,4461
17100119963900,照合OK,クーパン1,2025-06,ブラウン(Braun) シェーバー用 充電スタンド シリーズ,39801,41232,-1431,MSF,0.1073873,4428,4274
3100134464391,照合OK,クーパン2,2025-08,NITTO(日東工器) スーパーハンド ASH-900,822324,851892,-29568,MSF,0.1059,90215,87084
9100127601985,照合OK,クーパン1,2025-07,OM SYSTEM/オリンパス レンズキャップ LC-62G,26798,27761,-963,MSF,0.1076677,2989,2885
11100129088385,照合OK,クーパン1,2025-07,HUAWEI Eyewear 2 オーディオグラス オープン,246655,255523,-8868,MSF,0.1076677,27512,26557
20100145424445,照合OK,クーパン1,2025-10,キングストン Kingston FURY デスクトップPC用,199582,209898,-10316,MSF,0.1076969,22605,21494
32100146933286,照合OK,クーパン2,2025-10,ソニー(SONY) ワイヤレスネックバンドスピーカー SRS,127982,132584,-4602,MSF,0.1076969,14279,13783
24100132393761,照合OK,クーパン1,2025-08,ＲＧ 1/144 アカツキガンダム用シラヌイパック & ＨＧ,93005,93214,-209,MSF,0.1059,9871,9849
13100122740137,照合OK,クーパン1,2025-06,HyperX Cloud Stinger Coreワイヤレス,81551,85766,-4215,MSF,0.1073873,9210,8758
20100114878723,照合OK,クーパン1,2025-05,KCNC 自転車 軽量 チェーンリング ボルト SB009 ,44108,44208,-100,snap,0.1045997,4624,4614
32100138388702,照合OK,クーパン2,2025-09,DR.WU (ドクターウー) マンデル酸 18% ピーリング,48736,49503,-767,MSF,0.1054425,5220,5139
9100094003304,照合OK,クーパン2,2025-02,マテル ジュラシックワールド(JURASSIC WORLD),64543,64688,-145,snap,0.1035,6695,6680
11100130149529,照合OK,クーパン1,2025-07,HUAWEI Eyewear 2 オーディオグラス オープン,247625,256528,-8903,MSF,0.1076677,27620,26661
30100123324277,照合OK,クーパン1,2025-06,[カシオ] 腕時計 ジーショック 【国内正規品】 G-SQU,353116,355100,-1984,MSF,0.1073873,38133,37920
3100091692531,照合OK,クーパン1,2025-01,HGUC 1/144 アッシマー （機動戦士Zガンダム）,48505,48614,-109,snap,0.1068,5192,5180
9100136933928,照合OK,クーパン1,2025-09,日本製線 LAN用プラグツール NST88,184061,190679,-6618,MSF,0.1054107,20100,19402
28100138096074,照合OK,クーパン2,2025-09,ダイワ(DAIWA) エギング専用リール 24エメラルダス ,148737,149071,-334,MSF,0.1054425,15718,15683
2100158189673,照合OK,クーパン1,2025-12,ASUS ゲーミングマウス ワイヤレス ROG Gladiu,133108,139839,-6731,MSF,0.108625,15190,14459
15100109015624,照合OK,クーパン2,2025-04,[オリエント]ORIENT Bambino バンビーノ 自動,320631,322433,-1802,snap,0.1002988,32340,32159
4100125984310,照合OK,クーパン1,2025-07,AIMZENIX AX200 PCゲーミングキーボードとマウ,81399,85515,-4116,MSF,0.1076677,9207,8764
22100132178856,照合OK,クーパン2,2025-08,[TUAHOUS] ディズニー ハロウィン コスプレ 人魚姫,34541,34735,-194,MSF,0.1059,3678,3658
19100138659961,照合OK,クーパン1,2025-09,PYKES PEAK（パイクスピーク） ゴルフ キャディバッ,137897,138206,-309,MSF,0.1054107,14568,14536
29100125284310,照合OK,クーパン1,2025-07,Medela(メデラ) カーム 授乳システム | メデラの母,34470,34857,-387,MSF,0.1076677,3753,3711
14100162464085,照合OK,クーパン1,2025-12,ブラウン オーラルB D6015253P,63697,29100,34597,MSF,0.108625,3161,6919
24100089150773,照合OK,クーパン1,2025-01,仮面ライダーゼロワン DXシャイニングホッパープログライズキ,53382,53502,-120,snap,0.1068,5714,5701
14100103859177,照合OK,クーパン1,2025-03,タカラトミー プラレール シンカリオンCW E7かがやき ド,63181,63323,-142,snap,0.1019,6453,6438
22100145205800,照合OK,クーパン1,2025-10,スパイク(SPEICK) 【日本正規輸入品】メンズ・シェイビ,29877,30952,-1075,MSF,0.1076969,3333,3218
4100106054407,照合OK,クーパン2,2025-04,ヤマハ YAMAHA ギターアンプ THR5,284248,284887,-639,snap,0.1002988,28574,28510
31100092177269,照合OK,クーパン2,2025-01,デミ フローディア ST スリークモイスト 4 レフィル 4,56417,57305,-888,snap,0.1068,6120,6025
5100137603932,照合OK,クーパン1,2025-09,BANDAI SPRITS RG 1/144 ガンダムアスト,91572,91778,-206,MSF,0.1054107,9674,9653
12100139737114,照合OK,クーパン1,2025-09,スター・ウォーズ ブラックシリーズ 6インチ アクションフィ,49591,49702,-111,MSF,0.1054107,5239,5227
30100146435169,照合OK,クーパン1,2025-10,ブッシュネル（Bushnell） レーザー距離計 ピンシーカ,326212,338674,-12462,MSF,0.1076969,36474,35132
25100154890888,照合OK,クーパン2,2025-11,シマノ(SHIMANO) レバーブレーキ スピニングリール ,257539,258118,-579,MSF,0.1068876,27590,27528
23100123911935,照合OK,クーパン1,2025-07,Newニンテンドー3DS LL ライム×ブラック,357949,374841,-16892,MSF,0.1076677,40358,38540
32100126921953,照合OK,クーパン1,2025-07,[カシオ] 腕時計 ジーショック 【国内正規品】 G-SQU,286277,287886,-1609,MSF,0.1076677,30996,30823
10100139934504,照合OK,クーパン2,2025-09,BANDAI SPIRITS(バンダイ スピリッツ) RG ,49297,49408,-111,MSF,0.1054425,5210,5198
2100106249138,照合OK,クーパン1,2025-04,マークス ペンケース S2 クリザンテーム･ホワイト ポール,35547,35626,-79,snap,0.1002988,3573,3565
27100129555111,照合OK,クーパン1,2025-07,パイロット メルちゃん お人形セット おせわだいすきハローキ,55643,55768,-125,MSF,0.1076677,6004,5991
30100146353028,照合OK,クーパン1,2025-10,TOMIX Nゲージ ファーストカーミュージアム JR E2,40406,40497,-91,MSF,0.1076969,4361,4352
11100145833552,照合OK,クーパン1,2025-10,カトージ 木製ハイチェア Easy-sit ホワイトウォッシ,298488,0,298488,MSF,0.1076969,0,32146
25100129199602,照合OK,クーパン2,2025-07,ソニー(SONY) ポータブルスピーカー SRS-XB13 ,59577,61719,-2142,MSF,0.1076677,6645,6414
12100112276690,照合OK,クーパン1,2025-05,Nintendo Switch Lite ターコイズ,216742,226970,-10228,snap,0.1045997,23741,22671
13100135658385,照合OK,クーパン2,2025-08,シンワ測定(Shinwa Sokutei) 丸ノコガイド定規,57494,57623,-129,MSF,0.1059,6102,6089
19100098110476,照合OK,クーパン2,2025-02,マテル ジュラシックワールド(JURASSIC WORLD),50312,50425,-113,snap,0.1035,5219,5207
20100151917629,照合OK,クーパン1,2025-11,OLYMPUS 単一指向性マイクロフォンセット ME52W,33170,34363,-1193,MSF,0.1068876,3673,3545
27100107401923,照合OK,クーパン1,2025-04,[スワンズ] 日本製 スイミングゴーグル SW-CR SKB,29762,29828,-66,snap,0.1002988,2992,2985
19100143336102,照合OK,クーパン1,2025-09,K&F Concept DJI OSMO Pocket 3用,49039,50802,-1763,MSF,0.1054107,5355,5169
15100091948616,照合OK,クーパン2,2025-01,ンデー アキュビュー ディファイン モイスト ナチュラルシャ,42854,43528,-674,snap,0.1068,4649,4577
6100095099980,照合OK,クーパン1,2025-02,オーディオテクニカ ATH-CKS50TW BL ワイヤレス,104299,108049,-3750,snap,0.1035,11183,10795
3100094479169,照合OK,クーパン2,2025-02,Razer Viper 8K Hz ゲーミングマウス 8倍以,103587,108825,-5238,snap,0.1035,11263,10721
14100133751690,照合OK,クーパン2,2025-08,ソニー(SONY) ポータブルスピーカー SRS-XB13 ,64810,67140,-2330,MSF,0.1059,7110,6863
28100131865263,照合OK,クーパン1,2025-08,【任天堂ライセンス商品】PowerA コントローラー・チャー,30999,32462,-1463,MSF,0.1059,3438,3283
11100154558036,照合OK,クーパン2,2025-11,OLYMPUS ミラーレス一眼 9mm f8 フィッシュアイ,102653,106343,-3690,MSF,0.1068876,11367,10972
2100091298795,照合OK,クーパン2,2025-01,[Beauty of Joseon] Glow Serum ,30830,31315,-485,snap,0.1068,3344,3293
18100145771777,照合OK,クーパン1,2025-10,ダイワ(DAIWA) ベイトリール 23SALTIST TW,299610,300283,-673,MSF,0.1076969,32340,32267
21100155947090,照合OK,クーパン1,2025-11,Coleman(コールマン) クッカー パックアウェイ ソロ,61846,61985,-139,MSF,0.1068876,6625,6611
12100143183873,照合OK,クーパン1,2025-09,プリティーリズム マイ☆デコレインボーウエディング(限定レア,46698,48902,-2204,MSF,0.1054107,5155,4923
3100150551817,照合OK,クーパン1,2025-11,SEIKO SSG010 セイコー 電波ソーラー ワールドタ,621318,624808,-3490,MSF,0.1068876,66784,66411
22100157619841,照合OK,クーパン2,2025-12,コクヨ(KOKUYO) テープのり のり ドットライナー 詰,46449,46553,-104,MSF,0.108625,5057,5046
31100094693523,照合OK,クーパン1,2025-02,[セイコーウォッチ] 腕時計 アストロン ソーラー電波 8B,1027710,1033483,-5773,snap,0.1035,106965,106368
30100137310959,照合OK,クーパン1,2025-09,DJI Ronin 4D 映像トランスミッター 黒,258162,271506,-13344,MSF,0.1054107,28620,27213
22100098819117,照合OK,クーパン1,2025-03,ダイワ(DAIWA) 電動リール シーボーグ G200JL,782354,784113,-1758,snap,0.1019,79901,79722
3100101559787,照合OK,クーパン1,2025-03,プロクソン(PROXXON) ミニサーキュラソウテーブルEX,159524,165259,-5735,snap,0.1019,16840,16255
6100125754700,照合OK,クーパン2,2025-07,SANWA(三和電気計器) デジタルテスター CD732,92035,92242,-207,MSF,0.1076677,9931,9909
18100107965994,照合OK,クーパン2,2025-04,オーディオテクニカ BX3/3.0 WH マイクケーブル X,40967,42440,-1473,snap,0.1002988,4257,4109
7100123299846,照合OK,クーパン1,2025-06,Zerodis. 集音マイク コンクリートマイク 壁マイク ,27038,28010,-972,MSF,0.1073873,3008,2904
31100124283751,照合OK,クーパン2,2025-07,30MF ローザンナイト 色分け済みプラモデル,143112,143433,-321,MSF,0.1076677,15443,15409
9100088934159,照合OK,クーパン1,2025-01,オーディオテクニカ AT-SB727 BK ワイヤレス レコ,205715,213111,-7396,snap,0.1068,22760,21970
21100140072880,照合OK,クーパン1,2025-09,メディコム・トイ(MEDICOM TOY) MAFEX マフ,88617,88816,-199,MSF,0.1054107,9362,9341
19100150968242,照合OK,クーパン2,2025-11,シマノ(SHIMANO) レバーブレーキ スピニングリール ,257085,257663,-578,MSF,0.1068876,27541,27479
17100098767840,照合OK,クーパン2,2025-02,Nikon ゴルフ用レーザー距離計 COOLSHOT 20G,152582,158411,-5829,snap,0.1035,16396,15792
12100141955286,照合OK,クーパン1,2025-09,ZOOM ズーム CBG-6 キャリングバッグ ブラック 黒,65575,67933,-2358,MSF,0.1054107,7161,6912
8100161190999,照合OK,クーパン1,2025-12,Sondery 電子メトロノーム 人声 大音量 デジタル ギ,42106,42201,-95,MSF,0.108625,4584,4574
29100093135737,照合OK,クーパン1,2025-01,M SI マザーボード B550M PRO-VDH WIFI,102893,111564,-8671,snap,0.1068,11915,10989
28100161651631,照合OK,クーパン1,2025-12,カシオ CASIO G-SHOCK Gショック 腕時計 メン,158286,29100,129186,MSF,0.108625,3161,17194
17100124572847,照合OK,クーパン1,2025-07,22mm　セイコー　SEIKO　　　　ウレタン　バンド　DA,31818,31996,-178,MSF,0.1076677,3445,3426
16100133014864,照合OK,クーパン1,2025-08,ダイワ(DAIWA) 磯竿 トーナメント磯 4-53遠投･K,600465,601815,-1350,MSF,0.1059,63732,63589
30100100808744,照合OK,クーパン2,2025-03,メディキューブ AGE-Rスキンブースターショット 【1日5,134888,137010,-2122,snap,0.1019,13961,13745
1100093311061,照合OK,クーパン1,2025-01,ag WHP01K 【AG-WHP01K】 ワイヤレス ヘッ,99484,103061,-3577,snap,0.1068,11007,10625
26100157411424,照合OK,クーパン1,2025-12,ＲＧ 1/144 アカツキガンダム用シラヌイパック & ＨＧ,79076,79254,-178,MSF,0.108625,8609,8590
28100130494593,照合OK,クーパン2,2025-08,NEEWER 垂直カメラマウント RS4 RS3用 縦型カメ,59318,61451,-2132,MSF,0.1059,6508,6282
14100137313115,照合OK,クーパン2,2025-09,共立電気計器 KYORITSU デジタルマルチメータ(ペンタ,61579,61717,-138,MSF,0.1054425,6508,6493
16100152982814,照合OK,クーパン2,2025-11,マテル ジュラシックワールド(JURASSIC WORLD),52136,52253,-117,MSF,0.1068876,5585,5573
7100112260999,照合OK,クーパン2,2025-05,Xbox ワイヤレス コントローラー (ルナ シフト),109986,115177,-5191,snap,0.1045997,12047,11505
5100117129965,照合OK,クーパン1,2025-06,"
シマノ(SHIMANO) ベイトリール 両軸 19 SLX",146369,146698,-329,snap,0.1073873,15754,15718
4100147729959,照合OK,クーパン2,2025-10,[カシオ]CASIO 腕時計 G-SHOCK SKY COC,298088,299762,-1674,MSF,0.1076969,32283,32103
31100131771817,照合OK,クーパン1,2025-08,【VGP2024】Edifier W830NB ワイヤレスノ,85137,88199,-3062,MSF,0.1059,9340,9016
21100102772808,照合OK,クーパン2,2025-03,Razer Viper 8K Hz ゲーミングマウス 8倍以,104593,109881,-5288,snap,0.1019,11197,10658
18100088118121,照合OK,クーパン1,2025-01,figma バニースーツ プランニング ソフィア F シャー,143717,144525,-808,snap,0.1068,15435,15349
23100095510328,照合OK,クーパン1,2025-02,TAMASHII NATIONS S.H.フィギュアーツ 怪,62042,62181,-139,snap,0.1035,6436,6421
30100158186293,照合OK,クーパン1,2025-12,富士フイルム(FUJIFILM) リバーサルフィルム フジク,211864,219482,-7618,MSF,0.108625,23841,23014
20100130382802,照合OK,クーパン1,2025-08,HUAWEI WATCH GT 5 Pro 46mm スマー,376087,389610,-13523,MSF,0.1059,41260,39828
28100124071514,照合OK,クーパン2,2025-07,[カシオ] 腕時計 ジーショック 【国内正規品】アンドレス・,162852,163767,-915,MSF,0.1076677,17632,17534
25100137340658,照合OK,クーパン2,2025-09,[カシオ] 腕時計 ジーショック 【国内正規品】 FUTUR,200837,201966,-1129,MSF,0.1054425,21296,21177
12100122424942,照合OK,クーパン1,2025-06,[ハミルトン] 腕時計 Watch ジャズマスター H385,407175,409462,-2287,MSF,0.1073873,43971,43725
10100125734057,照合OK,クーパン2,2025-07,スター・ウォーズ ハン・ソロ ストームトルーパーVer. 1,77510,77684,-174,MSF,0.1076677,8364,8345
5100146800070,照合OK,クーパン1,2025-10,GUNDAM THE 3D BATTLE - 3DS,82610,82795,-185,MSF,0.1076969,8917,8897
8100150779486,照合OK,クーパン2,2025-11,「DayDay特別版」で紹介！【TVCM放映中！小松菜奈さん,204139,211479,-7340,MSF,0.1068876,22604,21820
4100114722882,照合OK,クーパン1,2025-05,[ツェッペリン] 腕時計 Special Edition 1,235343,236665,-1322,snap,0.1045997,24755,24617
11100094734071,照合OK,クーパン1,2025-02,[セイコーimport]SEIKO 腕時計 逆輸入 海外モデ,126344,127054,-710,snap,0.1035,13150,13077
24100115279866,照合OK,クーパン1,2025-05,プリティーリズム マイ☆デコレインボーウエディング(限定レア,52679,55165,-2486,snap,0.1045997,5770,5510
3100137043427,照合OK,クーパン2,2025-08,共立電気計器 デジタルマルチメータ 1009,74235,74402,-167,MSF,0.1059,7879,7861
20100139608477,照合OK,クーパン1,2025-09,富士フイルム(FUJIFILM) リバーサルフィルム フジク,191555,198442,-6887,MSF,0.1054107,20918,20192
28100130543471,照合OK,クーパン2,2025-08,シマノ(SHIMANO) スピニングリール 23 ヴァンキッ,456410,457435,-1025,MSF,0.1059,48442,48334
1100149647445,照合OK,クーパン1,2025-10,Momcozy M5 搾乳機 電動 着用式コードレスさく乳器,277671,278295,-624,MSF,0.1076969,29972,29904
6100147075527,照合OK,クーパン2,2025-10,クリンスイ 浄水器 蛇口直結型 カートリッジ計3個入り [交,54406,54528,-122,MSF,0.1076969,5872,5859
7100136201396,照合OK,クーパン2,2025-08,メルちゃん お人形セット ハローキティネネちゃん,67240,67391,-152,MSF,0.1059,7137,7121
7100116795614,照合OK,クーパン2,2025-05,BANDAI SDガンダム BB戦士 ガンダムベース限定 ユ,48745,48855,-110,snap,0.1045997,5110,5099
16100121478342,照合OK,クーパン1,2025-06,BB戦士 SD戦国伝 天下統一編 黒魔神闇皇帝(クロマジンヤ,94465,94677,-212,MSF,0.1073873,10167,10144
15100148646079,照合OK,クーパン1,2025-10,VICTORINOX(ビクトリノックス) エスコート スイス,34532,34610,-78,MSF,0.1076969,3727,3719
22100088749539,照合OK,クーパン1,2025-01,Momcozy M5 ハンズフリー電動搾乳機 軽量で薄型、装,167703,168080,-377,snap,0.1068,17951,17911
32100146674450,照合OK,クーパン2,2025-10,マッサージガンヘッド、防水交換可能なマッサージャーガンアタッ,28631,29661,-1030,MSF,0.1076969,3194,3084
19100088381999,照合OK,クーパン1,2025-01,ハクバ HAKUBA レンズフィルター 82mm XC-PR,68717,71188,-2471,snap,0.1068,7603,7339
14100088552746,照合OK,クーパン1,2025-01,[オリエントスター]ORIENT STAR 自動巻き腕時計 ,618959,622437,-3478,snap,0.1068,66476,66105
26100139095898,照合OK,クーパン2,2025-09,ダイワ(DAIWA) 磯用レバーブレーキリール 23シグナス,205617,206079,-462,MSF,0.1054425,21729,21681
29100158267233,照合OK,クーパン1,2025-12,[HAMILTON(ハミルトン)] ハミルトン メンズ 腕時,435290,437736,-2446,MSF,0.108625,47549,47283
14100105190552,照合OK,クーパン1,2025-04,LEDライトガイド LG-1 (TG-5/TG-6/TG-7,59852,62004,-2152,snap,0.1002988,6219,6003
22100092862611,照合OK,クーパン2,2025-01,MARVIS(マービス) MARVIS マービス ホワイト・,59087,61212,-2125,snap,0.1068,6537,6311
16100099794947,照合OK,クーパン2,2025-03,ワンデー アキュビュー ディファイン モイスト ナチュラルシ,43156,43835,-679,snap,0.1019,4467,4398
9100138749421,照合OK,クーパン2,2025-09,SwitchBot スイッチボット リモートボタン ワンタッ,33322,34894,-1572,MSF,0.1054425,3679,3514
20100147224681,照合OK,クーパン1,2025-10,サンコー おひとりさま用超高速弁当箱炊飯器 TKFCLBRC,79263,79442,-179,MSF,0.1076969,8556,8536
28100117480394,照合OK,クーパン1,2025-06,仮面ライダー バトライド・ウォー 創生 メモリアルTVサウン,149538,156595,-7057,snap,0.1073873,16816,16058
8100112497591,照合OK,クーパン2,2025-05,コンクリートマイク 高感度 壁集音器 集音マイク イヤホン付,61098,63295,-2196,snap,0.1045997,6621,6391
25100108493222,照合OK,クーパン2,2025-04,Schrammek(シュラメック) BBパーフェクトビューテ,80269,81532,-1263,snap,0.1002988,8178,8051
4100134734145,照合OK,クーパン2,2025-08,Razer Viper 8K Hz ゲーミングマウス 8倍以,106373,111751,-5378,MSF,0.1059,11834,11265
21100159464626,照合OK,クーパン2,2025-12,JVCケンウッド Victor SP-WS02BT Blue,150908,156334,-5426,MSF,0.108625,16982,16392
8100122278485,照合OK,クーパン1,2025-06,Hape(ハペ) 大きなクレーンセット E3715,36374,36456,-82,MSF,0.1073873,3915,3906
31100121985942,照合OK,クーパン1,2025-06,DJI Mavic 2 カーチャージャー,40353,40443,-90,MSF,0.1073873,4343,4333
9100114589007,照合OK,クーパン2,2025-05,アスタリフト Ｄ-ＵＶクリア アクアデイセラム (30g S,54317,55171,-854,snap,0.1045997,5771,5682
6100124477592,照合OK,クーパン1,2025-07,妖怪ウォッチ 妖怪Pad,94402,97797,-3395,MSF,0.1076677,10530,10164
31100138586411,照合OK,クーパン2,2025-09,ダイワ(DAIWA) ベイトリール 24バス X100H,79068,79245,-177,MSF,0.1054425,8356,8337
6100139364478,照合OK,クーパン2,2025-09,【国内正規品】PHILIPS(フィリップス) TAA7607,95871,99318,-3447,MSF,0.1054425,10472,10109
32100102642844,照合OK,クーパン1,2025-03,仮面ライダージオウ DXエグゼイドライドウォッチ,33037,33111,-74,snap,0.1019,3374,3366
7100123166724,照合OK,クーパン1,2025-06,[Miffia] ハロウィン コスプレ 可愛い ウサギ警察 ,51353,51641,-288,MSF,0.1073873,5546,5515
16100155505749,照合OK,クーパン1,2025-11,BANDAI HGUC 1/144 ゼータガンダム(ウェイブ,96707,96925,-218,MSF,0.1068876,10360,10337
31100091500778,照合OK,クーパン1,2025-01,PARKER パーカー ボールペン 油性 IM プレミアムラ,63217,63359,-142,snap,0.1068,6767,6752
9100112731902,照合OK,クーパン1,2025-05,"BOYA BY-PM700 USBコンピュータ会議マイク, ",103827,107561,-3734,snap,0.1045997,11251,10860
10100134786364,照合OK,クーパン1,2025-08,（ケースのみ）シャオミ Xiaomi サウンドアウトドア B,29886,30961,-1075,MSF,0.1059,3279,3165
16100141395969,照合OK,クーパン1,2025-09,ハセガワ 1/35 建機シリーズ ヤンマー コンバイン YH,34149,34226,-77,MSF,0.1054107,3608,3600
22100149274299,照合OK,クーパン1,2025-11,スナッグゴルフ スナッガズー 【国内正規品】 SNAG GO,53631,53752,-121,MSF,0.1068876,5745,5733
8100131787320,照合OK,クーパン1,2025-08,VICTORINOX(ビクトリノックス) ビクトリノックス@,82156,86402,-4246,MSF,0.1059,9150,8700
13100116896222,照合OK,クーパン1,2025-05,ケンコー(Kenko) 二眼レフ型クラシックデザイントイデジ,73051,77155,-4104,snap,0.1045997,8070,7641
9100096506021,照合OK,クーパン1,2025-02,Roland(ローランド) Dual-Trigger Cym,94340,99216,-4876,snap,0.1035,10269,9764
25100097813372,照合OK,クーパン2,2025-02,コンクリートマイク 高感度 壁集音器 集音マイク イヤホン付,59052,61175,-2124,snap,0.1035,6332,6112
29100089060203,照合OK,クーパン1,2025-01,ソニー(SONY) ヘッドホン一体型ウォークマン Wシリーズ,108491,112392,-3901,snap,0.1068,12003,11587
25100090090743,照合OK,クーパン1,2025-01,figma アクセル・ワールド 黒雪姫 学内アバターver.,82521,82706,-185,snap,0.1068,8833,8813
25100150649637,照合OK,クーパン1,2025-11,figma 涼宮ハルヒの憂鬱 長門有希 制服ver.,67978,68131,-153,MSF,0.1068876,7282,7266
25100159599922,照合OK,クーパン2,2025-12,ソニー(SONY) ポータブルスピーカー SRS-XB13 ,64810,67140,-2330,MSF,0.108625,7293,7040
10100147670841,照合OK,クーパン1,2025-10,マキタ(Makita) 充電式ペンドライバドリル(黒)本体の,91839,95141,-3302,MSF,0.1076969,10246,9891
12100156007448,照合OK,クーパン2,2025-11,XGIMI HORIZON S Max 4K プロジェクター,1865396,1974385,-108990,MSF,0.1068876,211037,199388
16100113581695,照合OK,クーパン1,2025-05,AVP＆プレデター　ブルーレイコレクション(5枚組) [Bl,55046,55170,-124,snap,0.1045997,5771,5758
25100099240216,照合OK,クーパン2,2025-03,AIMZENIX AX600 Monster キーボードとマ,136633,143695,-7062,snap,0.1019,14643,13923
10100127653513,照合OK,クーパン2,2025-07,クリンスイ 浄水器 蛇口直結型 CSPシリーズ 交換カートリ,76780,79541,-2761,MSF,0.1076677,8564,8267
1100146487218,照合OK,クーパン1,2025-10,Noritake ノリタケ ティー カップ & ソーサー 1,46796,46901,-105,MSF,0.1076969,5051,5040
28100143504775,照合OK,クーパン1,2025-10,KREAFUNK (クレアファンク) aGO II (シェイ,79486,79932,-446,MSF,0.1076969,8608,8560
11100148934307,照合OK,クーパン2,2025-10,30MF ローザンナイト 色分け済みプラモデル,41189,41282,-93,MSF,0.1076969,4446,4436
11100129640719,照合OK,クーパン1,2025-07,TAMASHII NATIONS ROBOT魂 機動戦士ガン,79958,80137,-179,MSF,0.1076677,8628,8609
20100128921762,照合OK,クーパン1,2025-07,FLUKE (フルーク) ボルトライト 検電器【国内正規品】,59052,59184,-132,MSF,0.1076677,6372,6358
24100111884841,照合OK,クーパン1,2025-05,オーキッドシード ちちのえ+∞ -Infinity- Pin,175374,175769,-394,snap,0.1045997,18385,18344
7100160998023,照合OK,クーパン1,2025-12,VICTORINOX(ビクトリノックス) ワークチャンプ 全,141750,142069,-319,MSF,0.108625,15432,15398
30100127413514,照合OK,クーパン2,2025-07,ミューノアージュ Wアプローチヘアプログラム [医薬部外品 ,83144,84452,-1308,MSF,0.1076677,9093,8952
29100128816956,照合OK,クーパン2,2025-07,通販エレキバンＭＡＸ２００　２４粒入 × 3個セット,48621,48730,-109,MSF,0.1076677,5247,5235
23100134537015,照合OK,クーパン2,2025-08,オーディオテクニカ ATH-CKS50TW BK ワイヤレス,126255,130795,-4540,MSF,0.1059,13851,13370
25100139357444,照合OK,クーパン2,2025-09,PENTAX 双眼鏡 UP 8x21 ネイビー 【野鳥観察】,82734,82920,-186,MSF,0.1054425,8743,8724
29100119060501,照合OK,クーパン1,2025-06,【任天堂ライセンス商品】PowerA コントローラー・チャー,32823,34372,-1549,snap,0.1073873,3691,3525
1100131495033,照合OK,クーパン1,2025-08,ヤーマン 美顔器 フォトプラス EX スムースS 低刺激モデ,315906,327264,-11358,MSF,0.1059,34657,33454
28100088691531,照合OK,クーパン1,2025-01,オデッセイ(ODYSSEY) 右用 パター WHITE HO,221468,229928,-8460,snap,0.1068,24556,23653
22100109193645,照合OK,クーパン1,2025-04,プリティーリズム マイ☆デコレインボーウエディング(限定レア,49689,52034,-2345,snap,0.1002988,5219,4984
9100149829461,照合OK,クーパン2,2025-11,【国内正規品】StriVectin ストリベクチン エイジン,47482,48228,-746,MSF,0.1068876,5155,5075
26100143879136,照合OK,クーパン1,2025-10,[セイコーウオッチ] 自動巻き腕時計 ルキア Essenti,430591,433010,-2419,MSF,0.1076969,46634,46373
7100108589265,照合OK,クーパン1,2025-04,純正パーツ 15 ツインパワー C2000S スプール組 パ,70924,74590,-3666,snap,0.1002988,7481,7114
16100092377950,照合OK,クーパン1,2025-01,バンダイスピリッツ HG 1/144 ガンダム プルトーネ,73790,73956,-166,snap,0.1068,7899,7881
21100112689958,照合OK,クーパン1,2025-05,ニンテンドー3DS LL (ミントXホワイト),274690,287652,-12962,snap,0.1045997,30088,28732
32100093330197,照合OK,クーパン2,2025-01,Lekufee 防水ハードキャリングケース DJI Mavi,139062,139375,-312,snap,0.1068,14885,14852
3100139070791,照合OK,クーパン2,2025-09,Google Pixel Buds Pro Coral GA,137825,142781,-4956,MSF,0.1054425,15055,14533
11100096625282,照合OK,クーパン1,2025-02,[カシオ]CASIO 腕時計 G-SHOCK ジーショック ,273274,274810,-1536,snap,0.1035,28443,28284
9100112785243,照合OK,クーパン1,2025-05,Bluetooth イヤホン ネックバンド型 首掛け ワイヤ,33322,34520,-1198,snap,0.1045997,3611,3485
20100154154838,照合OK,クーパン2,2025-11,くらしリズム メディカル ミヤリサン製薬 ミヤフローラEX ,37300,38641,-1341,MSF,0.1068876,4130,3987
14100141675581,照合OK,クーパン1,2025-09,ブッシュネル（Bushnell） レーザー距離計 ピンシーカ,329887,342490,-12603,MSF,0.1054107,36102,34774
18100111822949,照合OK,クーパン1,2025-05,スター・ウォーズ/スカイウォーカーの夜明け 4K UHD M,74012,74428,-416,snap,0.1045997,7785,7742
18100121422805,照合OK,クーパン1,2025-06,[セイコーimport]SEIKO 腕時計 逆輸入 海外モデ,138831,139611,-780,MSF,0.1073873,14992,14909
3100107449832,照合OK,クーパン2,2025-04,【太るサプリ／太るプロテイン】管理栄養士監修 ドクター・フト,132699,133295,-596,snap,0.1002988,13369,13310
1100093851886,照合OK,クーパン2,2025-02,アムウェイ Amway ガラスクリーナー 109859J,33366,33741,-375,snap,0.1035,3492,3453
20100096304416,照合OK,クーパン1,2025-02,RG 機動戦士ガンダム0083 STARDUST MEMOR,56479,56606,-127,snap,0.1035,5859,5846
5100111690190,照合OK,クーパン1,2025-05,YUNZII X75 ホットスワップメカニカルキーボード 透,116634,122532,-5898,snap,0.1045997,12817,12200
4100136348337,照合OK,クーパン2,2025-08,[カシオ] 腕時計 ジーショック【国内正規品】 G-LIDE,160965,161870,-905,MSF,0.1059,17142,17046
13100130865025,照合OK,クーパン1,2025-08,エレコム マウス ワイヤレス トラックボール (親指) 左手,51068,53650,-2582,MSF,0.1059,5682,5408
12100097960034,照合OK,クーパン2,2025-02,エプソン EPSON スキャナー DS-360W (シートフ,282326,298821,-16495,snap,0.1035,30928,29221
28100101147894,照合OK,クーパン1,2025-03,OM SYSTEM/オリンパス OLYMPUS ミラーレス一,105127,108907,-3780,snap,0.1019,11098,10712
5100119374931,照合OK,クーパン1,2025-06,MSI マザーボード MPG B550 GAMING PLU,116706,122738,-6032,snap,0.1073873,13181,12533
30100093372118,照合OK,クーパン2,2025-01,ペリカンPelikan 万年筆 スーベレーン M405 シル,337354,338113,-758,snap,0.1068,36110,36029
12100092138375,照合OK,クーパン1,2025-01,ジョイパレット(JOYPALETTE) アンパンマンとなかま,42408,42599,-190,snap,0.1068,4550,4529
23100121237158,照合OK,クーパン2,2025-06,[TRNR] トレイナー アブマット AB MAT 腹筋マッ,77830,78005,-174,MSF,0.1073873,8377,8358
3100122187590,照合OK,クーパン1,2025-06,ASUSTek 拡張カード ThunderboltEX 4 ,159657,167909,-8252,MSF,0.1073873,18031,17145
1100096905931,照合OK,クーパン2,2025-02,メルちゃん お人形セット ハローキティネネちゃん,67854,68006,-152,snap,0.1035,7039,7023
15100133950159,照合OK,クーパン2,2025-08,【驚きの頭皮密着設計】MEDULLA(メデュラ) スカルプリ,59692,60631,-939,MSF,0.1059,6421,6321
16100137279105,照合OK,クーパン2,2025-08,【国内正規品】StriVectin ストリベクチン エイジン,51175,51980,-805,MSF,0.1059,5505,5419
31100140518851,照合OK,クーパン1,2025-09,[セイコー] 純正 20mm ダイバー用 ウレタン バンド ,40139,40364,-225,MSF,0.1054107,4255,4231
6100097257079,照合OK,クーパン1,2025-02,ポケモンカードゲーム ソード&シールド スペシャルカードセッ,44883,44984,-101,snap,0.1035,4656,4645
28100096963347,照合OK,クーパン1,2025-02,シマノ(SHIMANO) スピニングリール 22 ソアレXR,230448,230966,-518,snap,0.1035,23905,23851
8100139033642,照合OK,クーパン2,2025-09,デジタルカメラ4K 60FPS 4800万画素 フリップスク,104984,111118,-6134,MSF,0.1054425,11717,11070
8100095491437,照合OK,クーパン1,2025-02,RG 機動戦士ガンダム0083 STARDUST MEMOR,57182,57311,-128,snap,0.1035,5932,5918
17100139843659,照合OK,クーパン2,2025-09,レキシリス.ブラック スカルプローション (100ｍL) ヘ,104237,105876,-1639,MSF,0.1054425,11164,10991
1100116985208,照合OK,クーパン1,2025-06,【旧モデル】ブラウン オーラルB すみずみクリーンキッズ レ,37433,38779,-1346,snap,0.1073873,4164,4020
2100154222586,照合OK,クーパン2,2025-11,ニューモ ファーマフーズ 30ml お試しサイズ 3年連続世,41323,41973,-650,MSF,0.1068876,4486,4417
5100102564775,照合OK,クーパン2,2025-03,ソニー(SONY) ヘッドホン一体型ウォークマン Wシリーズ,126825,131385,-4560,snap,0.1019,13388,12923
2100094009955,照合OK,クーパン1,2025-02,シマノ(SHIMANO) スピニングリール 投げ・遠投 15,171102,171487,-384,snap,0.1035,17749,17709
6100147890226,照合OK,クーパン1,2025-10,阿蘇製薬 デルガード 磁気バンX 強力タイプ 48粒,27359,27420,-61,MSF,0.1076969,2953,2946
21100107262282,照合OK,クーパン2,2025-04,ニンテンドー3DS コスモブラック,227876,238629,-10753,snap,0.1002988,23934,22856
10100125563780,照合OK,クーパン1,2025-07,[セイコー] 腕時計 セイコーimport SEIKO 5 ,127831,128549,-718,MSF,0.1076677,13841,13763
31100104816842,照合OK,クーパン2,2025-03,三和電気計器 SANWA アナログ絶縁抵抗計 500V/25,157156,157509,-353,snap,0.1019,16050,16014
2100097831537,照合OK,クーパン2,2025-02,パール金属(PEARL METAL) VISIONS ビジョ,46431,46536,-105,snap,0.1035,4816,4806
26100117090070,照合OK,クーパン1,2025-06,仮面ライダーエグゼイド LVUR16 シミュレーションゲーマ,30118,30185,-67,snap,0.1073873,3241,3234
5100139760210,照合OK,クーパン1,2025-09,ちいかわ パジャマパーティーズセット (セット購入特典ポスト,86437,86631,-194,MSF,0.1054107,9132,9111
25100089363450,照合OK,クーパン1,2025-01,ブリタ 水筒 携帯用 浄水ボトル 600ml アクティブ ブ,32405,32478,-73,snap,0.1068,3469,3461
9100148240780,照合OK,クーパン2,2025-10,[セイコーウォッチ] 腕時計 セイコー セレクション クオー,186135,187180,-1045,MSF,0.1076969,20159,20046
18100098671806,照合OK,クーパン2,2025-02,Razer Viper 8K Hz ゲーミングマウス 8倍以,104931,110236,-5305,snap,0.1035,11409,10860
5100148461610,照合OK,クーパン2,2025-10,シーガルフォー (Seagull IV) 浄水器 旧シーガル,180679,187175,-6496,MSF,0.1076969,20158,19459
16100151816804,照合OK,クーパン1,2025-11,【公式ストア限定】 リファ ストレートアイロン プロ/ReF,226274,234409,-8135,MSF,0.1068876,25055,24186
22100110985645,照合OK,クーパン2,2025-05,[カシオ] 腕時計 シーン 【国内正規品】ソーラー SHS-,154184,155050,-866,snap,0.1045997,16218,16128
15100114012897,照合OK,クーパン2,2025-05,共立電気計器 (KYORITSU) 低圧用検電器(AC20V,43405,43503,-98,snap,0.1045997,4550,4540
25100137314661,照合OK,クーパン2,2025-09,ダイワ(DAIWA) エギング専用リール 24エメラルダス ,149404,149740,-336,MSF,0.1054425,15789,15754
6100140106688,照合OK,クーパン1,2025-09,KAWAI SH-7 電子ピアノ用ヘッドホン セミオープンエ,90709,93970,-3261,MSF,0.1054107,9905,9562
19100140535353,照合OK,クーパン1,2025-09,YA-MAN(ヤーマン) メディリフトアイ,208465,208933,-468,MSF,0.1054107,22024,21974
16100153663044,照合OK,クーパン1,2025-11,MIZUNO(ミズノ) パークゴルフ クラブ PG511L ,265941,266539,-598,MSF,0.1068876,28490,28426
11100102108876,照合OK,クーパン2,2025-03,マテル(MATTEL) ジュラシックワールド(JURASSI,39409,39498,-89,snap,0.1019,4025,4016
30100127074610,照合OK,クーパン1,2025-07,ハセガワ 1/35 建機シリーズ ヤンマー コンバイン YH,34042,34119,-76,MSF,0.1076677,3674,3665
11100100322596,照合OK,クーパン2,2025-03,【正規輸入品】 CIVASAN シバサン メゾ ブレミッシュ,82334,83629,-1295,snap,0.1019,8522,8390
12100125235146,照合OK,クーパン1,2025-07,HUAWEI(ファーウェイ)HUAWEI WATCH D2 ,463468,480131,-16664,MSF,0.1076677,51695,49900
24100099049198,照合OK,クーパン2,2025-03,MOONDROP × YASUNO KIYONO 夢回 - ,160298,166061,-5763,snap,0.1019,16922,16334
3100156426841,照合OK,クーパン2,2025-11,breo アイウォーマー ホット アイマスク 充電式 USB,61588,63802,-2214,MSF,0.1068876,6820,6583
22100142444628,照合OK,クーパン1,2025-09,ZOOM ズーム PCH-6 H6essential用プロテ,50383,52194,-1811,MSF,0.1054107,5502,5311
4100161341733,照合OK,クーパン1,2025-12,ビクセン(Vixen) 星座 星空用双眼鏡 SG2x40f ,155323,159162,-3839,MSF,0.108625,17289,16872
29100115924064,照合OK,クーパン1,2025-05,ダイワ(DAIWA) バスロッド ブラックレーベル トラベル,328864,329603,-739,snap,0.1045997,34476,34399
26100130384376,照合OK,クーパン2,2025-08,ソニー(SONY) ポータブルスピーカー SRS-XB13 ,62300,64540,-2240,MSF,0.1059,6835,6598
3100131522167,照合OK,クーパン2,2025-08,クリエイティブ・メディア Sound Blaster G3 ,63813,67111,-3298,MSF,0.1059,7107,6758
16100137784500,照合OK,クーパン1,2025-09,【青山加織プロ監修のゴルフ練習器具】ダウンブローマスター 手,60992,61334,-342,MSF,0.1054107,6465,6429
11100160937464,照合OK,クーパン1,2025-12,KORG(コルグ) ボリューム/エクスプレッションペダル E,85013,85204,-191,MSF,0.108625,9255,9235
32100128032126,照合OK,クーパン1,2025-07,K&F Concept 40.5mm 可変NDフィルター N,44073,45657,-1584,MSF,0.1076677,4916,4745
6100148819967,照合OK,クーパン1,2025-10,ZOOM ズーム ZDM-1 ダイナミックマイク ブラック ,75267,77974,-2707,MSF,0.1076969,8398,8106
28100097455053,照合OK,クーパン1,2025-02,仮面ライダーリバイス 変身ベルト DXリバイスドライバー 仮,45479,45581,-102,snap,0.1035,4718,4707
29100114408238,照合OK,クーパン2,2025-05,【指定医薬部外品】新ビオフェルミンSプラス錠 550錠 61,44393,44593,-200,snap,0.1045997,4664,4644
17100123576250,照合OK,クーパン2,2025-07,ダイワ(DAIWA) ベイトリール ジリオン SV TW 1,283038,283674,-636,MSF,0.1076677,30543,30474
9100088558504,照合OK,クーパン1,2025-01,K&F Concept 67mm 可変NDフィルター ND2,49600,51383,-1783,snap,0.1068,5488,5297
16100137258818,照合OK,クーパン2,2025-08,Lekufee 防水ハードキャリングケース DJI Mavi,141457,141774,-317,MSF,0.1059,15014,14980
29100155639625,照合OK,クーパン1,2025-11,パナソニック ラジオ FM/AM/ワイドFM対応 シルバー ,50472,52287,-1815,MSF,0.1068876,5589,5395
2100150724314,照合OK,クーパン1,2025-11,サンエックス すみっコぐらし スーパーもーちもちぬいぐるみ ,60262,60397,-135,MSF,0.1068876,6456,6441
30100134120495,照合OK,クーパン2,2025-08,【国内正規品】StriVectin ストリベクチン エイジン,51024,51826,-802,MSF,0.1059,5488,5403
24100161898201,照合OK,クーパン1,2025-12,プリティーリズム レインボーライブ きらきらマイ☆デザイン,92676,97049,-4373,MSF,0.108625,10542,10067
3100096402047,照合OK,クーパン1,2025-02,nanoblock カワダ(Kawada) ナノブロック 盆,23505,23558,-53,snap,0.1035,2438,2433
8100127408518,照合OK,クーパン1,2025-07,メデラ 乳頭保護器 ブレストシェル 2個入り 炎症や亀裂を発,37077,37494,-417,MSF,0.1076677,4037,3992
5100146646368,照合OK,クーパン2,2025-10,貝印(Kai Corporation) KAI 包丁 スタン,43797,43895,-98,MSF,0.1076969,4727,4717
31100095856441,照合OK,クーパン2,2025-02,ViewSonic M1+_G2 LED モバイルプロジェク,384124,406567,-22443,snap,0.1035,42080,39757
28100089122955,照合OK,クーパン1,2025-01,グッドスマイルカンパニー(GOOD SMILE COMPAN,206658,207122,-464,snap,0.1068,22121,22071
17100092849781,照合OK,クーパン1,2025-01,仮面ライダーリバイス 変身ベルト DXリバイスドライバー 仮,45506,45608,-102,snap,0.1068,4871,4860
25100117895868,照合OK,クーパン1,2025-06,Android9 4.7インチ MP3プレーヤー Bluet,76958,79725,-2767,snap,0.1073873,8561,8264
25100134060690,照合OK,クーパン2,2025-08,リヒトラブ コーデュラ ガジェット ツールポーチ ダブル ペ,34754,34833,-78,MSF,0.1059,3689,3681
29100157746730,照合OK,クーパン2,2025-12,三菱ケミカル・クリンスイ クリンスイ 浄水器 ポット型 カー,93236,96589,-3353,MSF,0.108625,10492,10128
9100122790535,照合OK,クーパン2,2025-06,ダイワ(DAIWA) エギング専用リール 24エメラルダス ,145782,146110,-328,MSF,0.1073873,15690,15655
32100124660113,照合OK,クーパン1,2025-07,スナッグゴルフ スナッガズー 【国内正規品】 SNAG GO,53667,53788,-121,MSF,0.1076677,5791,5778
23100089476382,照合OK,クーパン1,2025-01,カワダ(Kawada) nanoblock - World ,54504,54626,-122,snap,0.1068,5834,5821
26100110711003,照合OK,クーパン1,2025-05,Roland ローランド ステレオモニターヘッドホン RH-,94545,97944,-3399,snap,0.1045997,10245,9889
26100112208297,照合OK,クーパン2,2025-05,ジレット 髭剃りケース 収納ケース ジレット Gillett,38412,39794,-1382,snap,0.1045997,4162,4018
1100116984458,照合OK,クーパン1,2025-06,【旧モデル】ブラウン オーラルB すみずみクリーンキッズ レ,37433,38779,-1346,snap,0.1073873,4164,4020
19100096753665,照合OK,クーパン2,2025-02,国内正規品】JILL STUART ジルスチュアート ディー,56818,57073,-255,snap,0.1035,5907,5881
31100115707155,照合OK,クーパン1,2025-05,パイロット メルちゃん お人形セット おせわだいすきハローキ,53071,53190,-119,snap,0.1045997,5564,5551
22100122906673,照合OK,クーパン1,2025-07,WERJIA 収納ケース 互換性ペンタックス PENTAX ,29842,30915,-1073,MSF,0.1076677,3329,3213
6100114429047,照合OK,クーパン2,2025-05,Razer Viper 8K Hz ゲーミングマウス 8倍以,106373,111751,-5378,snap,0.1045997,11689,11127
10100116843549,照合OK,クーパン1,2025-06,Beelink ミニ PC SER7シリーズ、AMD Ryz,685407,731614,-46207,snap,0.1073873,78566,73604
8100133762240,照合OK,クーパン1,2025-08,4 in 1 キーボード マウス コンバーター セット、ゲー,46707,49069,-2362,MSF,0.1059,5196,4946
2100141141458,照合OK,クーパン1,2025-09,パナソニック ブルーレイプレーヤー DP-UB45S-K [,282094,298576,-16482,MSF,0.1054107,31473,29736
6100135811674,照合OK,クーパン2,2025-08,ダイワ(DAIWA) エギング専用リール 24エメラルダス ,148105,148438,-333,MSF,0.1059,15720,15684
21100137439795,照合OK,クーパン1,2025-09,VOX ヴォックス ケーブル ギター&ベースシールド カール,46930,47035,-105,MSF,0.1054107,4958,4947
28100143588942,照合OK,クーパン1,2025-10,日本製線 LAN用プラグツール NST88,194785,201789,-7004,MSF,0.1076969,21732,20978
16100111617681,照合OK,クーパン1,2025-05,OHSサプライ Spin Master パープレクサス ゴー,33535,33611,-76,snap,0.1045997,3516,3508
16100120244134,照合OK,クーパン1,2025-06,"BOYA BY-PM700 USBコンピュータ会議マイク, ",101825,105486,-3661,MSF,0.1073873,11328,10935
26100116514735,照合OK,クーパン1,2025-05,ソニー(SONY) ワイヤレスヘッドホン WH-CH520:,66768,69168,-2400,snap,0.1045997,7235,6984
3100116548666,照合OK,クーパン1,2025-05,【Amazon.co.jp限定】 ケンコー(Kenko) デ,62238,65874,-3636,snap,0.1045997,6890,6510
26100122076931,照合OK,クーパン1,2025-06,"【Amazon.co,jp限定】 ケンコー(Kenko) デ",57334,60684,-3350,MSF,0.1073873,6517,6157
3100095548523,照合OK,クーパン2,2025-02,エレコム リストレスト dimp gel ゲル ピンク MO,35297,35853,-556,snap,0.1035,3711,3653
12100118437449,照合OK,クーパン2,2025-06,ソニー(SONY) ポータブルスピーカー SRS-XB13 ,63688,65978,-2290,snap,0.1073873,7085,6839
19100154266072,照合OK,クーパン1,2025-11,HUAWEI WATCH GT 4 46mm ゴルフナビ搭載,186161,192855,-6694,MSF,0.1068876,20614,19898
24100104869206,照合OK,クーパン1,2025-03,フィットネスワイヤレスマイク KIMAFUN2.4G無線防水,98105,103175,-5070,snap,0.1019,10514,9997
10100135396054,照合OK,クーパン1,2025-08,仮面ライダービルド 変身煙銃 DXトランスチームガン,88422,88620,-198,MSF,0.1059,9385,9364
24100150660446,照合OK,クーパン2,2025-11,ソニー(SONY) ポータブルスピーカー SRS-XB13 ,64721,67048,-2327,MSF,0.1068876,7167,6918
17100092998425,照合OK,クーパン2,2025-01,[バンダイ] レジェンド変身ベルトシリーズ カイザドライバー,38030,38115,-85,snap,0.1068,4071,4062
11100153884473,照合OK,クーパン2,2025-11,Anker Prime Power Bank (12000m,77421,80205,-2784,MSF,0.1068876,8573,8275
4100088677172,照合OK,クーパン1,2025-01,[カシオ] 腕時計 ジーショック 【国内正規品】日本製 MT,882800,887759,-4959,snap,0.1068,94813,94283
28100152627174,照合OK,クーパン2,2025-11,マテル ジュラシックワールド(JURASSIC WORLD),52136,52253,-117,MSF,0.1068876,5585,5573
4100144669269,照合OK,クーパン1,2025-10,Momcozy M5 搾乳機 電動 着用式コードレスさく乳器,198977,199424,-447,MSF,0.1076969,21477,21429
7100119930725,照合OK,クーパン1,2025-06,ZOOM ズーム MS-200D+ マルチストンプペダル イ,102795,108108,-5313,snap,0.1073873,11609,11039
26100104690117,照合OK,クーパン2,2025-03,WRINKLE TWINKLE リンクルティンクル【医薬部外,29041,29498,-457,snap,0.1019,3006,2959
30100096562604,照合OK,クーパン2,2025-02,BANDAI MG 1/100 V2ガンダム Ver.Ka用,52065,52182,-117,snap,0.1035,5401,5389
18100110051704,照合OK,クーパン1,2025-04,HUAWEI MatePad 2022 タブレット 10.4,287924,307334,-19410,snap,0.1002988,30825,28878
21100098528796,照合OK,クーパン1,2025-02,[TIMEX] 腕時計 コカコーラコラボ TW2V25800,113733,114372,-639,snap,0.1035,11838,11771
4100124982146,照合OK,クーパン2,2025-07,［ タヴァティー公式 ］ホワイトニング 歯磨き粉【 歯を白く,89338,92550,-3212,MSF,0.1076677,9965,9619
3100155579205,照合OK,クーパン1,2025-11,TSAR BOMBA 腕時計 メンズ ビジネス 50M防水 ,317819,327364,-9545,MSF,0.1068876,34991,33971
17100156745634,照合OK,クーパン1,2025-12,富士フイルム(FUJIFILM) ”チェキ” instax ,45328,46957,-1629,MSF,0.108625,5101,4924
30100138792010,照合OK,クーパン1,2025-09,ペンタックス PENTAX スマートフォンアダプター V-S,52145,54020,-1875,MSF,0.1054107,5694,5497
3100116110566,照合OK,クーパン1,2025-05,Medela(メデラ) 搾乳機 電動 ソロ 搾乳機 (電動・,150428,150766,-338,snap,0.1045997,15770,15735
13100092812124,照合OK,クーパン1,2025-01,オーディオテクニカ VM10CB用 交換針 VMN10CB,81435,84363,-2928,snap,0.1068,9010,8697
23100130857649,照合OK,クーパン1,2025-08,ハセガワ 1/35 建機シリーズ ヤンマー コンバイン YH,34060,34137,-77,MSF,0.1059,3615,3607
23100135758745,照合OK,クーパン1,2025-08,ZWILLING ツヴィリング 「 バイタリティ シチューポ,129869,130161,-292,MSF,0.1059,13784,13753
23100156679330,照合OK,クーパン1,2025-12,[セイコー] SEIKO 5 SPORTS 自動巻き メカニ,376692,378809,-2116,MSF,0.108625,41148,40918
1100156948344,照合OK,クーパン1,2025-12,TSAR BOMBA 腕時計 メンズ うでメンズ 5気圧防水,401328,403582,-2254,MSF,0.108625,43839,43594
8100130139246,照合OK,クーパン1,2025-07,[セイコーimport]SEIKO 腕時計 逆輸入 海外モデ,137051,137821,-770,MSF,0.1076677,14839,14756
16100145884224,照合OK,クーパン1,2025-10,OM SYSTEM/オリンパス Tough TG-7 ﾌﾞﾗ,567553,596887,-29334,MSF,0.1076969,64283,61124
1100153029485,照合OK,クーパン2,2025-11,ハイキュー!! Cross team match! - 3D,55224,57831,-2606,MSF,0.1068876,6181,5903
16100098599277,照合OK,クーパン2,2025-02,プラレール かっこいいがいっぱい! 新幹線 N700S確認試,133838,134139,-301,snap,0.1035,13883,13852
5100101756431,照合OK,クーパン2,2025-03,ZOOM ズーム MS-200D+ マルチストンプペダル イ,121921,128223,-6302,snap,0.1019,13066,12424
3100102318762,照合OK,クーパン2,2025-03,トランスフォーマー/ONE OD-01 デラックスクラス オ,43877,43976,-99,snap,0.1019,4481,4471
6100129614628,照合OK,クーパン1,2025-07,ZOOM ズーム CBG-6 G6/B6用キャリングバッグ,57307,59368,-2061,MSF,0.1076677,6392,6170
5100161848135,照合OK,クーパン1,2025-12,Nikon ドットサイト DF-M1 ニコン一眼レフ・Z・P,143557,148719,-5162,MSF,0.108625,16155,15594
28100115585591,照合OK,クーパン2,2025-05,通販エレキバンＭＡＸ２００　２４粒入 × 3個セット,48096,48204,-108,snap,0.1045997,5042,5031
22100156534073,照合OK,クーパン1,2025-12,機動戦士ガンダムNT (4K ULTRA HD Blu-ra,63671,67391,-3720,MSF,0.108625,7320,6916
23100117547479,照合OK,クーパン1,2025-06,TSAR BOMBA 腕時計 メンズ 5気圧防水ラグジュアリ,270943,272465,-1522,snap,0.1073873,29259,29096
26100120930481,照合OK,クーパン1,2025-06,パイロット メルちゃん お人形セット おせわだいすきハローキ,56346,56473,-127,MSF,0.1073873,6064,6051
12100123557226,照合OK,クーパン1,2025-07,パイロット メルちゃん お人形セット おせわだいすきハローキ,55465,55589,-124,MSF,0.1076677,5985,5972
21100130994956,照合OK,クーパン1,2025-08,【医療メーカーが作るサポーターブランド】メディエイド フィッ,37656,39010,-1354,MSF,0.1059,4131,3988
5100133793081,照合OK,クーパン1,2025-08,SONY(ソニー) マウントアダプター LA-EA5,204451,211802,-7351,MSF,0.1059,22430,21651
28100152413792,照合OK,クーパン1,2025-11,カシオ 腕時計 G-SHOCK SKY COCKPIT 海外,300117,301803,-1686,MSF,0.1068876,32259,32079
24100098990248,照合OK,クーパン1,2025-03,ハセガワ 1/35 建機シリーズ ヤンマー コンバイン YH,34087,34164,-77,snap,0.1019,3481,3473
30100110940553,照合OK,クーパン1,2025-04,カシオ ジーショック 腕時計 GW-9500-1A4 海外モ,366502,368561,-2059,snap,0.1002988,36966,36760
26100119236624,照合OK,クーパン1,2025-06,MTG マジック：ザ・ギャザリング 機械兵団の進軍 決戦の後,31123,31613,-490,snap,0.1073873,3395,3342
27100123521615,照合OK,クーパン2,2025-07,オールインワンEAA BCAA クレアチン グルタミン クエ,68299,68606,-307,MSF,0.1076677,7387,7354
17100093542953,照合OK,クーパン2,2025-01,Razer Viper 8K Hz ゲーミングマウス 8倍以,100436,105515,-5078,snap,0.1068,11269,10727
19100159056356,照合OK,クーパン1,2025-12,SHURE シュア ダイナミックマイク SM7dB プリアン,606731,628546,-21815,MSF,0.108625,68276,65906
19100121224722,照合OK,クーパン1,2025-06,ＲＧ 1/144 アカツキガンダム用シラヌイパック & ＨＧ,80385,80565,-180,MSF,0.1073873,8652,8632
2100113394199,照合OK,クーパン1,2025-05,スパイク(SPEICK) 【日本正規輸入品】メンズ・シェイビ,30358,31449,-1091,snap,0.1045997,3290,3175
1100118685158,照合OK,クーパン1,2025-06,ケンコー サンリオキャラクタートイカメラ(ポチャッコ) DS,69028,73062,-4034,snap,0.1073873,7846,7413
26100159186548,照合OK,クーパン2,2025-12,【第二代 新登場】PREXISO レーザー距離計 電子距離計,52884,55617,-2733,MSF,0.108625,6041,5745
4100135047201,照合OK,クーパン1,2025-08,リアルロボットレヴォリューション 1/48 SPTレイズナー,74733,78260,-3527,MSF,0.1059,8288,7914
23100089482706,照合OK,クーパン1,2025-01,Nakamichi ナカミチサウンド 【ワイヤレス イヤホン,49066,50830,-1764,snap,0.1068,5429,5240
6100160234594,照合OK,クーパン1,2025-12,ZOOM XLR ダイナミックマイク 配信用 ボーカル ゲー,75766,78490,-2724,MSF,0.108625,8526,8230
21100140112889,照合OK,クーパン1,2025-09,[カシオ]CASIO 腕時計 G-SHOCK ジーショック ,404104,406375,-2270,MSF,0.1054107,42836,42597
5100151179204,照合OK,クーパン2,2025-11,シーガルフォー (Seagull IV) 浄水器 旧シーガル,175036,181330,-6294,MSF,0.1068876,19382,18709
14100124916690,照合OK,クーパン1,2025-07,【正規品】ブラウン 脱毛器 レディースシェーバー シルク・エ,38163,38764,-601,MSF,0.1076677,4174,4109
31100095744363,照合OK,クーパン2,2025-02,[朝鮮美女/Beauty of Joseon] Glow S,31711,32210,-499,snap,0.1035,3334,3282
27100093132247,照合OK,クーパン1,2025-01,ハセガワ 1/35 建機シリーズ ヤンマー コンバイン YH,33277,33352,-75,snap,0.1068,3562,3554
29100127764789,照合OK,クーパン1,2025-07,ヨシカワ 蒸し器 鍋用 18~20cm鍋対応 蒸しプレート ,33695,33771,-76,MSF,0.1076677,3636,3628
1100124799986,照合OK,クーパン1,2025-07,最新型ヘッドセットブルートゥースイヤホン猫の耳が光る女性用ワ,50062,59622,-9560,MSF,0.1076677,6419,5390
32100091087557,照合OK,クーパン2,2025-01,スター・ウォーズ/最後のジェダイ ファースト・オーダー スト,37958,38044,-86,snap,0.1068,4063,4054
32100106641169,照合OK,クーパン2,2025-04,パナソニック ボディトリマー® ボディシェーバー VIO対応,65700,68062,-2362,snap,0.1002988,6827,6590
29100094649498,照合OK,クーパン1,2025-02,ダイワ(DAIWA) 電動リール 23レオブリッツ 300J,489028,490127,-1099,snap,0.1035,50728,50614
6100129644168,照合OK,クーパン1,2025-07,"
AbuGarcia (アブガルシア) トラウティンマーキス",130768,131062,-294,MSF,0.1076677,14111,14079
4100140816139,照合OK,クーパン1,2025-09,BRIO (ブリオ) WORLD バッテリーパワーアクション,35110,35189,-78,MSF,0.1054107,3709,3701
1100159221224,照合OK,クーパン1,2025-12,[カシオ] CASIO メンズ 腕時計【G-SHOCK】スカ,389882,392073,-2191,MSF,0.108625,42589,42351
31100142540228,照合OK,クーパン1,2025-09,[LAD WEATHER] ダイバーズ ウォッチ 水深計 水,118815,119482,-667,MSF,0.1054107,12595,12524
27100134430319,照合OK,クーパン1,2025-08,オーディオテクニカ ATH-AC5TW オープンイヤー型 ワ,113155,117223,-4068,MSF,0.1059,12414,11983
24100158049745,照合OK,クーパン2,2025-12,WOMBAROO(ウォンバルー) ハイプロテインサプリメント,104370,104839,-469,MSF,0.108625,11388,11337
5100091738795,照合OK,クーパン2,2025-01,共立電気計器 低圧用検電器 5711,42649,42745,-96,snap,0.1068,4565,4555
23100109827365,照合OK,クーパン1,2025-04,ROCKBOARD by Warwick エフェクター用LE,55928,56053,-125,snap,0.1002988,5622,5609
5100153814075,照合OK,クーパン2,2025-11,マテル ジュラシックワールド(JURASSIC WORLD),55634,55759,-125,MSF,0.1068876,5960,5947
7100110318966,照合OK,クーパン1,2025-04,機動戦士ガンダム THE ORIGIN I [DVD],52110,52227,-118,snap,0.1002988,5238,5227
18100150163202,照合OK,クーパン1,2025-11,AVerMedia LIVE STREAMER MIC 35,154629,162621,-7992,MSF,0.1068876,17382,16528
11100105974751,照合OK,クーパン2,2025-04,ヨシカワ EAトCO イイトコ Oki（オキ） おたまスタン,35431,35511,-80,snap,0.1002988,3562,3554
18100149031668,照合OK,クーパン1,2025-10,デロンギ コーヒーマシン用除石灰剤 100ml×2本 deL,29682,29815,-134,MSF,0.1076969,3211,3197
3100116548681,照合OK,クーパン2,2025-05,BRIO (ブリオ) WORLD フィギュア付ターンテーブル,36499,36581,-82,snap,0.1045997,3826,3818
27100103192821,照合OK,クーパン1,2025-03,SIXOCTAVE ペンタックス D-LI109 互換バッテ,31960,33109,-1149,snap,0.1019,3374,3257
20100120567617,照合OK,クーパン2,2025-06,Razer Viper 8K Hz ゲーミングマウス 8倍以,106373,111751,-5378,MSF,0.1073873,12001,11423
26100112737265,照合OK,クーパン1,2025-05,仮面ライダーエグゼイド LVUR02 仮面ライダーブレイブ ,52937,53056,-119,snap,0.1045997,5550,5537
10100100315878,照合OK,クーパン2,2025-03,ファイティングスティック mini for PlayStat,66875,71383,-4508,snap,0.1019,7274,6815
5100092005443,照合OK,クーパン2,2025-01,RLSOCO ジレット 髭剃りケース 収納ケース ジレット ,35644,36926,-1282,snap,0.1068,3944,3807
3100095051182,照合OK,クーパン1,2025-02,セーラー万年筆 万年筆 プロフィットスタンダード21 マルン,164321,164690,-369,snap,0.1035,17045,17007
17100128648464,照合OK,クーパン1,2025-07,Schlagwerk シュラグヴェルク カホニート SR-D,170382,171339,-957,MSF,0.1076677,18448,18345
28100137034329,照合OK,クーパン1,2025-09,日本製線 LAN用プラグツール NST88,184114,190734,-6620,MSF,0.1054107,20105,19408
5100104002035,照合OK,クーパン2,2025-03,マテル ジュラシックワールド(JURASSIC WORLD),80305,80485,-180,snap,0.1019,8201,8183
30100111051057,照合OK,クーパン1,2025-04,遊戯王オフィシャルカードゲーム デュエリストカードプロテクタ,51495,51611,-116,snap,0.1002988,5177,5165
7100133070375,照合OK,クーパン1,2025-08,純正パーツ 18 ソアレ BB C2000SSPG ハンドル,37051,38466,-1415,MSF,0.1059,4074,3924
18100090772910,照合OK,クーパン2,2025-01,Noble Audio FoKus H-ANC ブルー | ,191359,198239,-6880,snap,0.1068,21172,20437
25100156694601,照合OK,クーパン1,2025-12,VICTORINOX(ビクトリノックス) クラシック ヤッタ,45310,45412,-102,MSF,0.108625,4933,4922
11100149093136,照合OK,クーパン2,2025-10,SONY(ソニー) GP-VPT3 ブラック ワイヤレスシュ,135770,140651,-4882,MSF,0.1076969,15148,14622
5100109699338,照合OK,クーパン1,2025-04,カミオジャパン ペンケース パコトレー クリアパープル 20,27590,27652,-62,snap,0.1002988,2773,2767
26100106582080,照合OK,クーパン2,2025-04,MG 機動戦士ガンダムNT シナンジュ・スタイン (ナラティ,113324,113578,-254,snap,0.1002988,11392,11366
11100125158252,照合OK,クーパン1,2025-07,ソニー(SONY) ワイヤレスイヤホン WI-C100:Bl,47998,49723,-1725,MSF,0.1076677,5354,5168
32100099078369,照合OK,クーパン2,2025-03,トミカプレミアム RS ラフェラーリ,76148,76320,-172,snap,0.1019,7777,7760
16100121453600,照合OK,クーパン1,2025-06,シャンティ -海賊の呪い- - 3DS,59844,59978,-134,MSF,0.1073873,6441,6426
11100150348393,照合OK,クーパン2,2025-11,マテル(MATTEL) ジュラシックワールド(JURASSI,35466,35546,-80,MSF,0.1068876,3799,3791
8100093532339,照合OK,クーパン2,2025-01,Flybay 女の子 おもちゃ 化粧品 おもちゃ - 偽物 ,41892,41986,-94,snap,0.1068,4484,4474
21100140179360,照合OK,クーパン1,2025-09,トランスフォーマー マスターピースGシリーズ MPG-04 ,133447,133746,-299,MSF,0.1054107,14098,14067
31100094208601,照合OK,クーパン1,2025-02,"
HGUC 1/144 Ex-S ガンダム （ガンダム・セン",53827,53948,-121,snap,0.1035,5584,5571
26100095066442,照合OK,クーパン1,2025-02,VICTORINOX(ビクトリノックス) DIVE PRO ,1176696,1183306,-6610,snap,0.1035,122472,121788
20100108314022,照合OK,クーパン2,2025-04,FLUKE (フルーク) 真の実効値マルチメーター【国内正規,316564,317275,-711,snap,0.1002988,31822,31751
13100103304244,照合OK,クーパン1,2025-03,JJC フラッシュディフューザー FD-1互換 OM SYS,42711,44247,-1536,snap,0.1019,4509,4352
32100152029895,照合OK,クーパン1,2025-11,ソニー(SONY) ワイヤレスイヤホン WI-C100:Bl,50855,52683,-1828,MSF,0.1068876,5631,5436
20100155604537,照合OK,クーパン1,2025-11,ZOOM ズーム H1essential ハンディレコーダー,121983,126369,-4386,MSF,0.1068876,13507,13039
3100090269533,照合OK,クーパン1,2025-01,【お手入れ簡単/進化した早炊き】 アイリスオーヤマ 炊飯器 ,149039,154398,-5359,snap,0.1068,16490,15917
14100135984693,照合OK,クーパン1,2025-08,HARIO (ハリオ) コーヒーサーバー オリーブウッド 4,38448,38534,-86,MSF,0.1059,4081,4072
22100113900750,照合OK,クーパン2,2025-05,【指定医薬部外品】新ビオフェルミンSプラス錠 550錠 61,44393,44593,-200,snap,0.1045997,4664,4644
21100137496342,照合OK,クーパン1,2025-09,MTG ReFa SKIM SHAVER（リファスキムシェー,57343,59404,-2061,MSF,0.1054107,6262,6045
7100107925632,照合OK,クーパン2,2025-04,マテル ジュラシックワールド(JURASSIC WORLD),80305,80485,-180,snap,0.1002988,8073,8054
24100111016017,照合OK,クーパン2,2025-05,NUX ニューエックス Mighty Lite BT MKI,136170,136476,-306,snap,0.1045997,14275,14243
13100096730875,照合OK,クーパン1,2025-02,ＭＧ 1/100 ナラティブガンダム Ｃ装備 Ｖｅｒ．Ｋａ用,76771,76944,-173,snap,0.1035,7964,7946
21100149549442,照合OK,クーパン1,2025-10,ウルトラ怪獣アドバンス ニジカガチ＆アースガロン Mod.2,30928,30997,-70,MSF,0.1076969,3338,3331
10100099413446,照合OK,クーパン2,2025-03,Nikon ゴルフ用レーザー距離計 COOLSHOT 20G,152412,158235,-5822,snap,0.1019,16124,15531
24100141497375,照合OK,クーパン1,2025-09,マテル ジュラシックワールド(JURASSIC WORLD),44251,44350,-99,MSF,0.1054107,4675,4665
27100132294261,照合OK,クーパン1,2025-08,マテル ジュラシックワールド(JURASSIC WORLD),42729,42825,-96,MSF,0.1059,4535,4525
20100146976102,照合OK,クーパン2,2025-10,資生堂クレ・ド・ポーボーテ クレームUV n 50g SPF,111802,113560,-1758,MSF,0.1076969,12230,12041
14100092231575,照合OK,クーパン1,2025-01,マグカップ ガラス おしゃれ 耐 冷熱 ピーターラビット 耐,29032,29097,-65,snap,0.1068,3108,3101
4100114995064,照合OK,クーパン2,2025-05,【指定医薬部外品】新ビオフェルミンSプラス錠 550錠 61,44393,44593,-200,snap,0.1045997,4664,4644
28100141105188,照合OK,クーパン1,2025-09,ラダイト スティックペンケース 革製 レッド LDK-SPN,31150,31220,-70,MSF,0.1054107,3291,3284
31100109088446,照合OK,クーパン1,2025-04,Keychron M7 ワイヤレスマウス 有線 / Blue,89454,93977,-4523,snap,0.1002988,9426,8972
14100109150673,照合OK,クーパン2,2025-04,マテル(MATTEL) ジュラシックワールド(JURASSI,48051,48159,-108,snap,0.1002988,4830,4819
10100113530307,照合OK,クーパン2,2025-05,ソニー(SONY) ポータブルスピーカー SRS-XB13 ,63688,65978,-2290,snap,0.1045997,6901,6662
25100144035881,照合OK,クーパン1,2025-10,ブラウン オーラルB D6015253P,115317,127224,-11907,MSF,0.1076969,13702,12419
13100124155707,照合OK,クーパン1,2025-07,HUAWEI WATCH GT 5 Pro 46mm スマー,416734,431717,-14983,MSF,0.1076677,46482,44869
23100105225096,照合OK,クーパン2,2025-04,KYORITSU AC/DCクランプ付デジタルマルチメータ ,131417,131713,-296,snap,0.1002988,13211,13181
17100124511063,照合OK,クーパン1,2025-07,ブラウン(Braun) シェーバー用 充電スタンド シリーズ,39525,40946,-1421,MSF,0.1076677,4409,4256
25100154707513,照合OK,クーパン1,2025-11,ROCKBOARD by Warwick エフェクター用LE,52172,52289,-117,MSF,0.1068876,5589,5577
23100094454362,照合OK,クーパン1,2025-02,Nikon フィールドスコープ MONARCH フィールドス,87051,82805,4246,snap,0.1035,8570,9010
23100100247084,照合OK,クーパン2,2025-03,ドラゴンボール カードダス リミックス Vol.2,110538,110786,-248,snap,0.1019,11289,11264
16100125266984,照合OK,クーパン1,2025-07,パナソニック ラジオ FM/AM/ワイドFM対応 シルバー ,50080,51881,-1801,MSF,0.1076677,5586,5392
28100105270909,照合OK,クーパン1,2025-04,エレコム マウス ワイヤレス トラックボール (親指) 左手,57957,60887,-2930,snap,0.1002988,6107,5813
25100107062470,照合OK,クーパン1,2025-04,富士フイルム(FUJIFILM) インスタントカメラ チェキ,539999,570336,-30337,snap,0.1002988,57204,54161
15100106552260,照合OK,クーパン2,2025-04,イチネンTASCO デジタル温度計 本体 エアコン 空調メン,217507,217996,-489,snap,0.1002988,21865,21816
27100144873754,照合OK,クーパン1,2025-10,ARMOR アルモア FRP製エフェクターボード PS-3C,200989,201440,-451,MSF,0.1076969,21694,21646
3100150929006,照合OK,クーパン1,2025-11,ラディウス radius ディープマウントイヤーピース : ,27376,28361,-985,MSF,0.1068876,3031,2926
11100104108888,照合OK,クーパン1,2025-03,NEEWER ZV-E1カメラケージ HDMIケーブルクラン,71111,73668,-2557,snap,0.1019,7507,7246
22100090308554,照合OK,クーパン1,2025-01,OM SYSTEM/オリンパス OLYMPUS デジタルカメ,523596,542422,-18826,snap,0.1068,57931,55920
12100141924186,照合OK,クーパン1,2025-09,パナソニック ラジオ FM/AM/ワイドFM対応 シルバー ,50418,52231,-1812,MSF,0.1054107,5506,5315
24100127237518,照合OK,クーパン2,2025-07,通販エレキバンＭＡＸ２００　２４粒入 × 3個セット,47864,47972,-108,MSF,0.1076677,5165,5153
22100093487259,照合OK,クーパン2,2025-02,iewSonic M1+_G2 LED モバイルプロジェクタ,234835,248556,-13721,snap,0.1035,25726,24305
7100152061540,照合OK,クーパン1,2025-11,ＲＧ 1/144 アカツキガンダム用シラヌイパック & ＨＧ,77439,77613,-174,MSF,0.1068876,8296,8277
10100139358645,照合OK,クーパン1,2025-09,MTG ReFa SKIM SHAVER（リファスキムシェー,57004,59054,-2050,MSF,0.1054107,6225,6009
9100101797034,照合OK,クーパン1,2025-03,[カシオ] 腕時計 プロトレック 【国内正規品】Hiker ,202119,203254,-1135,snap,0.1019,20712,20596
11100114991333,照合OK,クーパン1,2025-05,Newニンテンドー3DS LL ライム×ブラック,456953,478517,-21564,snap,0.1045997,50053,47797
29100102040542,照合OK,クーパン2,2025-03,Razer Viper 8K Hz ゲーミングマウス 8倍以,104708,110003,-5294,snap,0.1019,11209,10670
32100111377511,照合OK,クーパン2,2025-05,STAGEA ピアノ&エレクトーン 中～上級 Vol.27 ,41002,41094,-92,snap,0.1045997,4298,4289
31100111188308,照合OK,クーパン2,2025-05,シルバニアファミリー 家具 赤ちゃんシーソー カ-215,55438,55563,-125,snap,0.1045997,5812,5799
10100123134475,照合OK,クーパン2,2025-07,TELESIN GoProと互換用 ダブルクランプ マウント,39952,41389,-1437,MSF,0.1076677,4456,4302
26100128107985,照合OK,クーパン2,2025-07,HARIO ガラスの手仕事保存びん 1000mL GHB-1,33393,33468,-75,MSF,0.1076677,3603,3595
28100157127402,照合OK,クーパン2,2025-12,ソニー CFexpress Type A SDメモリーカード,160360,166126,-5766,MSF,0.108625,18045,17419
24100092834159,照合OK,クーパン2,2025-01,【国内正規品】StriVectin ストリベクチン エイジン,46458,47189,-731,snap,0.1068,5040,4962
9100097636260,照合OK,クーパン1,2025-02,ヤマハ YAMAHA アンプ THR10II リアルな真空管,348942,349726,-784,snap,0.1035,36197,36116
29100122026012,照合OK,クーパン1,2025-06,通販エレキバンＭＡＸ２００　２４粒入 × 3個セット,51451,51567,-116,MSF,0.1073873,5538,5525
8100144110918,照合OK,クーパン1,2025-10,[TIMEX(タイメックス)タイメックス 腕時計 ユニセック,252769,254189,-1420,MSF,0.1076969,27375,27222
29100123807354,照合OK,クーパン1,2025-07,コイズミ ヘアドライヤー イオンバランス サロンセンス 30,79735,82602,-2867,MSF,0.1076677,8894,8585
17100097580977,照合OK,クーパン1,2025-02,ソニー ハンディーポータブルラジオ ICF-P27 : FM,76914,79679,-2765,snap,0.1035,8247,7961
13100113093274,照合OK,クーパン1,2025-05,[セイコーimport]SEIKO 腕時計 逆輸入 海外モデ,131595,132335,-740,snap,0.1045997,13842,13765
3100148421408,照合OK,クーパン2,2025-10,ソニー ICレコーダー 4GB 単4電池対応 ICD-PX2,81702,84640,-2938,MSF,0.1076969,9115,8799
8100088283555,照合OK,クーパン1,2025-01,Freewell DJI Mini 3 Pro 専用 広角レ,130243,134925,-4682,snap,0.1068,14410,13910
19100105759289,照合OK,クーパン1,2025-04,ファンケル (FANCL) 尿酸 サポート 90日分 (30,96690,97124,-434,snap,0.1002988,9741,9698
2100097083134,照合OK,クーパン2,2025-02,ジョイパレット(JOYPALETTE) アンパンマン すうじ,56114,56241,-126,snap,0.1035,5821,5808
1100157920157,照合OK,クーパン2,2025-12,【Amazon.co.jp限定】 東レ トレビーノ 浄水ポッ,54050,56843,-2793,MSF,0.108625,6175,5871
32100092967901,照合OK,クーパン1,2025-01,妖怪ウォッチ DX YSPウォッチ ヒーロー変身セット,46111,46215,-104,snap,0.1068,4936,4925
4100113477545,照合OK,クーパン2,2025-05,[セイコーウオッチ] 腕時計 セイコーセレクション チタンソ,401532,403788,-2256,snap,0.1045997,42236,42000
25100139265765,照合OK,クーパン1,2025-09,ダイワ(DAIWA) スピニングリール(糸付き) 16 ジョ,32022,32094,-72,MSF,0.1054107,3383,3375
7100132722728,照合OK,クーパン1,2025-08,[セイコーウオッチ] 腕時計 セイコー セレクション クオー,181658,182678,-1020,MSF,0.1059,19346,19238
1100104268016,照合OK,クーパン2,2025-03,ソニー(SONY) ワイヤレスネックバンドスピーカー SRS,128961,133598,-4637,snap,0.1019,13614,13141
4100092512331,照合OK,クーパン1,2025-01,OM SYSTEM/オリンパス OLYMPUS 単焦点レンズ,257103,272125,-15022,snap,0.1068,29063,27459
3100088777590,照合OK,クーパン1,2025-01,BANDAI SPIRITS(バンダイ スピリッツ) MGS,69518,69674,-156,snap,0.1068,7441,7425
10100126143924,照合OK,クーパン2,2025-07,おでこのシワ、ほうれい線、目元のシワ改善 シワ取りクリーム ,49475,50253,-778,MSF,0.1076677,5411,5327
25100125795237,照合OK,クーパン1,2025-07,TASCAM(タスカム) iXZ マイク ギターインターフェ,67596,70026,-2430,MSF,0.1076677,7540,7278
23100133342091,照合OK,クーパン1,2025-08,SEIKO SSG010 セイコー 電波ソーラー ワールドタ,660958,664672,-3714,MSF,0.1059,70389,69996
3100136156212,照合OK,クーパン1,2025-08,ヤマハ AVレシーバー RX-A4A (B),1050690,1088467,-37778,MSF,0.1059,115269,111268
29100099536003,照合OK,クーパン2,2025-03,Nikon ゴルフ用レーザー距離計 COOLSHOT 20G,152412,158235,-5822,snap,0.1019,16124,15531
5100104676776,照合OK,クーパン1,2025-03,ハセガワ 1/35 建機シリーズ ヤンマー コンバイン YH,35333,35412,-79,snap,0.1019,3608,3600
22100126964716,照合OK,クーパン1,2025-07,S.H.フィギュアーツ SHY シャイ 約125mm ABS,58767,58899,-132,MSF,0.1076677,6342,6327
28100131448731,照合OK,クーパン2,2025-08,[カシオ] 腕時計 ジーショック 【国内正規品】タフソーラー,161143,162049,-906,MSF,0.1059,17161,17065
32100131619021,照合OK,クーパン1,2025-08,[カシオ] 腕時計 プロトレック 【国内正規品】Hiker ,179798,180808,-1010,MSF,0.1059,19148,19041
26100138517642,照合OK,クーパン1,2025-09,嘉之助 日置蒸溜蔵 HIOKI POT STILL KNOS,113671,113926,-255,MSF,0.1054107,12009,11982
32100113861819,照合OK,クーパン1,2025-05,仮面ライダーエグゼイド LVUR14 仮面ライダーパラドクス,77848,78023,-175,snap,0.1045997,8161,8143
24100091510600,照合OK,クーパン1,2025-01,TAMASHII NATIONS TAMASHII NATI,280501,281132,-631,snap,0.1068,30025,29958
29100091700347,照合OK,クーパン1,2025-01,ＭＧ ガ ン ダ ムストームブリンガー Ｐ.Ｆ. 1/100,98763,98985,-222,snap,0.1068,10572,10548
24100113183998,照合OK,クーパン2,2025-05,シマノ(SHIMANO) ベイトリール 23 SLX DC ,207797,208264,-467,snap,0.1045997,21784,21736
10100096860529,照合OK,クーパン1,2025-02,MG 1/100 MSN-06S シナンジュ用 メタルバーニ,97980,98200,-220,snap,0.1035,10164,10141
23100098089519,照合OK,クーパン1,2025-02,iShoot 76mm CNC機械加工 金属 カメラリング式,58749,62181,-3432,snap,0.1035,6436,6081
15100162605492,照合OK,クーパン1,2025-12,ピービーテイルズ ワイヤレス ゲームパッド コントローラー ,61107,63991,-2884,MSF,0.108625,6951,6638
2100153513033,照合OK,クーパン1,2025-11,ジョビー(JOBY) カメラ三脚 ミニ三脚 ゴリラポッド マ,32716,33893,-1177,MSF,0.1068876,3623,3497
27100155501165,照合OK,クーパン1,2025-11,仮面ライダーガッチャード DXクロスホッパー＆テンライナー,34443,34520,-77,MSF,0.1068876,3690,3682
29100103964480,照合OK,クーパン1,2025-03,Noritake ノリタケ マグカップ 約395cc トレフ,44073,44172,-99,snap,0.1019,4501,4491
13100119570661,照合OK,クーパン1,2025-06,アイドルタイムプリパラ 夢オールスターライブ! - 3DS,40637,40729,-92,snap,0.1073873,4374,4364
19100109586757,照合OK,クーパン1,2025-04,Noritake ノリタケ ティー カップ & ソーサー 1,46289,46393,-104,snap,0.1002988,4653,4643
9100131745115,照合OK,クーパン2,2025-08,ホリカホリカ エッセンスBB Wデーションネオプラス,83802,92881,-9079,MSF,0.1059,9836,8875
26100147514850,照合OK,クーパン1,2025-10,お面 仮面ライダー1号&V3とショッカーの3種セット コスプ,31996,32067,-72,MSF,0.1076969,3454,3446
25100123976811,照合OK,クーパン1,2025-07,[セイコー] 腕時計 セイコーimport SEIKO 5 ,128632,129354,-722,MSF,0.1076677,13927,13849
10100136534715,照合OK,クーパン1,2025-08,SwitchBot 温湿度計 プロ スマホで管理 アレクサ ,47054,47160,-106,MSF,0.1059,4994,4983
27100150083740,照合OK,クーパン2,2025-11,tectectec テックテックテック ゴルフ GPS距離計,53106,55612,-2506,MSF,0.1068876,5944,5676
4100147012042,照合OK,クーパン1,2025-10,ダイワ(DAIWA) ロックフィッシュロッド HRF 83M,193130,193564,-434,MSF,0.1076969,20846,20800
24100158943730,照合OK,クーパン1,2025-12,OLYMPUS 単焦点レンズ M.ZUIKO DIGITAL,257174,272200,-15026,MSF,0.108625,29568,27936
30100089771958,照合OK,クーパン1,2025-01,JJC レンズキャップ Canon PowerShot V1,33535,35495,-1960,snap,0.1068,3791,3582
19100144246533,照合OK,クーパン1,2025-10,プリティーリズム マイ☆デコレインボーウエディング(限定レア,47090,49312,-2222,MSF,0.1076969,5311,5071
3100098222427,照合OK,クーパン2,2025-02,CCSTOYS 鉄魄[MORTAL MIND]シリーズ 『エ,348738,349521,-783,snap,0.1035,36175,36094
14100160162072,照合OK,クーパン1,2025-12,Roland ローランド AIRACOMPACTビートマシン,224316,232381,-8065,MSF,0.108625,25242,24366
27100105527638,照合OK,クーパン1,2025-04,充電式集音器 高齢者集音器しゅうおんき 高感度集音器 音声拡,106916,110760,-3844,snap,0.1002988,11109,10724
32100134253500,照合OK,クーパン1,2025-08,パイロット メルちゃん お人形セット おせわだいすきハローキ,54254,54376,-122,MSF,0.1059,5758,5746
20100096625237,照合OK,クーパン2,2025-02,メデラ 搾乳機 電動 スイング・マキシ 交換用パーツ チュー,35529,35609,-80,snap,0.1035,3686,3677
31100137453026,照合OK,クーパン1,2025-09,[カシオ] 腕時計 ジーショック 【国内正規品】 G-SQU,352440,354420,-1980,MSF,0.1054107,37360,37151
11100150982429,照合OK,クーパン1,2025-11,OM SYSTEM/オリンパス レンズキャップ LC-62G,26700,27660,-960,MSF,0.1068876,2957,2854
17100157973254,照合OK,クーパン1,2025-12,SHURE MV5用デスクマイクスタンド AMV5DS ,31355,32482,-1127,MSF,0.108625,3528,3406
13100122947068,照合OK,クーパン1,2025-06,BOSS ボス クリップチューナー TU-05 大型カラー・,35725,35805,-80,MSF,0.1073873,3845,3836
4100152168870,照合OK,クーパン1,2025-11,ZOOM ズーム CBG-6 キャリングバッグ ブラック セ,65887,68256,-2369,MSF,0.1068876,7296,7042
29100096532292,照合OK,クーパン2,2025-02,Razer Chroma Light Strip Set C,173123,181876,-8753,snap,0.1035,18824,17918
29100158455005,照合OK,クーパン1,2025-12,リボルテックヤマグチ No.77 劇中カラー版 エヴァンゲリ,70808,70968,-160,MSF,0.108625,7709,7692
23100088385077,照合OK,クーパン2,2025-01,BenQ ScreenBar Halo モニターライト スク,217961,233879,-15918,snap,0.1068,24978,23278
5100159784592,照合OK,クーパン2,2025-12,nanoblock カワダ(Kawada) ナノブロック ダ,38804,14550,24254,MSF,0.108625,1580,4215
8100100100861,照合OK,クーパン2,2025-03,ミラノコレクション ボディフレッシュパウダー２０２２,141430,143655,-2225,snap,0.1019,14638,14412
10100134231519,照合OK,クーパン1,2025-08,ブリタ 携帯型浄水器 fill&go Active ピンク ,27305,28287,-982,MSF,0.1059,2996,2892
28100096874318,照合OK,クーパン2,2025-02,ワンデー アキュビュー ディファイン モイスト ナチュラルシ,42747,43419,-672,snap,0.1035,4494,4424
1100131601026,照合OK,クーパン1,2025-08,"
TAMASHII NATIONS S.H.フィギュアーツ ",96823,97041,-218,MSF,0.1059,10277,10254
2100098645627,照合OK,クーパン1,2025-02,TAMASHII NATIONS フィギュアーツZERO ド,49315,49426,-111,snap,0.1035,5116,5104
13100122868108,照合OK,クーパン2,2025-06,CARE PRO DEEP ケアプロディープ 超音波トリート,409890,424627,-14738,MSF,0.1073873,45600,44017
30100148927738,照合OK,クーパン1,2025-10,Newニンテンドー3DS LL ライム×ブラック,373506,391132,-17626,MSF,0.1076969,42124,40225
13100150241592,照合OK,クーパン1,2025-11,[ReliBeauty] 王子様 コスプレ 衣装 子供 ハロ,43895,44141,-246,MSF,0.1068876,4718,4692
18100093786799,照合OK,クーパン1,2025-02,ソニー(SONY) ヘッドホン一体型ウォークマン Wシリーズ,109283,113212,-3929,snap,0.1035,11717,11311
6100126632931,照合OK,クーパン1,2025-07,HGUC 1/144 MSM-08 ゾゴック (ユニコーンV,48567,48676,-109,MSF,0.1076677,5241,5229
3100110730265,照合OK,クーパン1,2025-04,キャラクタッチ!-五等分の花嫁‐,46467,46571,-104,snap,0.1002988,4671,4661
7100156915950,照合OK,クーパン1,2025-12,Ulanzi LEDビデオライト 撮影用ライト Type-C,33046,34234,-1188,MSF,0.108625,3719,3590
32100136644849,照合OK,クーパン1,2025-08,ACTIVO CT10 [Cool White] ハイレゾ対,176620,182971,-6350,MSF,0.1059,19377,18704
6100088786709,照合OK,クーパン1,2025-01,ソニー ハンディーポータブルラジオ ICF-P27 : FM,77172,79947,-2775,snap,0.1068,8538,8242
26100094021100,照合OK,クーパン1,2025-02,MG 1/100 ガンダムベース限定 ユニコーンガンダム ペ,196565,197007,-442,snap,0.1035,20390,20345
8100128995449,照合OK,クーパン2,2025-07,コクヨ(KOKUYO) テープのり のり ドットライナー 詰,46360,46464,-104,MSF,0.1076677,5003,4991
23100107004595,照合OK,クーパン1,2025-04,SEIKO セイコー クオーツメトロノーム SQ200,73781,74195,-414,snap,0.1002988,7442,7400
21100125225738,照合OK,クーパン2,2025-07,Kiboer 超音波 トリートメントアイロン 髪質改善 浸透,114766,116571,-1806,MSF,0.1076677,12551,12357
15100105642731,照合OK,クーパン1,2025-04,PRO Supporter(プロサポーター) 膝 サポーター,51985,53854,-1869,snap,0.1002988,5401,5214
21100140407223,照合OK,クーパン1,2025-09,コロンバスサークル（GC/N64/SFC/NewFC用）HD,61810,64727,-2916,MSF,0.1054107,6823,6515
12100093467796,照合OK,クーパン2,2025-02,アムウェイ Amway ガラスクリーナー 109859J,33250,33624,-374,snap,0.1035,3480,3441
6100131707822,照合OK,クーパン2,2025-08,SANWA(三和電気計器) デジタルテスター CD732,100935,101162,-227,MSF,0.1059,10713,10689
17100143440951,照合OK,クーパン1,2025-09,Momcozy M5 搾乳機 電動 着用式コードレスさく乳器,324547,325277,-730,MSF,0.1054107,34288,34211
30100148530629,照合OK,クーパン2,2025-10,Philips(フィリップス) Norelco OneBla,67480,69906,-2426,MSF,0.1076969,7529,7267
26100154816920,照合OK,クーパン1,2025-11,デロンギ コーヒーマシン用除石灰剤 100ml×2本 deL,29913,30047,-134,MSF,0.1068876,3212,3197
14100136247396,照合OK,クーパン1,2025-08,SwitchBot スイッチボット リモートボタン ワンタッ,33188,34903,-1715,MSF,0.1059,3696,3515
1100139807253,照合OK,クーパン2,2025-09,ソニー(SONY) ポータブルスピーカー SRS-XB13 ,64810,67140,-2330,MSF,0.1054425,7079,6834
16100155488765,照合OK,クーパン1,2025-11,ソニー(SONY) ワイヤレスネックバンドスピーカー SRS,130465,135156,-4691,MSF,0.1068876,14447,13945
21100111563552,照合OK,クーパン1,2025-05,ZOOM ズーム P4 ポッドキャストレコーダー シルバー ,161989,167813,-5824,snap,0.1045997,17553,16944
17100109634554,照合OK,クーパン2,2025-04,【anan掲載×管理栄養士推薦】 ビオメンテ 酪酸菌 サプリ,36721,36886,-165,snap,0.1002988,3700,3683
2100104182387,照合OK,クーパン1,2025-03,[TIMEXタイメックス] 腕時計 イージーリーダー サステ,106079,106675,-596,snap,0.1019,10870,10809
5100125347616,照合OK,クーパン1,2025-07,AbuGarcia (アブガルシア) ZENON 2500M,322438,323163,-725,MSF,0.1076677,34794,34716
30100098713677,照合OK,クーパン2,2025-02,breo アイウォーマー 目元エステ ホット アイマスク 充,84105,87129,-3024,snap,0.1035,9018,8705
27100126109480,照合OK,クーパン2,2025-07,スーパー戦隊シリーズ 海賊戦隊ゴーカイジャー VOL.3 [,42987,43084,-97,MSF,0.1076677,4639,4628
25100154478493,照合OK,クーパン2,2025-11,30MF ローザンナイト 色分け済みプラモデル,95177,95390,-213,MSF,0.1068876,10196,10173
26100133617696,照合OK,クーパン1,2025-08,VICTORINOX(ビクトリノックス) サイバーツール M,144839,145164,-325,MSF,0.1059,15373,15338
21100148978966,照合OK,クーパン2,2025-10,クリンスイ 浄水器 ポット型 カートリッジ計1個入り [本体,37149,38484,-1335,MSF,0.1076969,4145,4001
28100154901864,照合OK,クーパン2,2025-11,TOMIX Nゲージ JR 189系 あずさ グレードアップ,180804,181210,-406,MSF,0.1068876,19369,19326
32100095505673,照合OK,クーパン1,2025-02,シマノ(SHIMANO) レバーブレーキ スピニングリール ,191128,191557,-430,snap,0.1035,19826,19782
6100119575916,照合OK,クーパン1,2025-06,パイロット メルちゃん お人形セット おせわだいすきハローキ,55696,55821,-125,snap,0.1073873,5994,5981
2100125840640,照合OK,クーパン1,2025-07,仮面ライダーW（ダブル） RETURNS 仮面ライダーエター,43094,43191,-97,MSF,0.1076677,4650,4640
28100087939395,照合OK,クーパン1,2025-01,TAMASHII NATIONS S.H.フィギュアーツ 怪,70808,70968,-160,snap,0.1068,7579,7562
28100126647120,照合OK,クーパン1,2025-07,仮面ライダー555（ファイズ） 20th パラダイス・リゲイ,178694,179096,-402,MSF,0.1076677,19283,19240
27100092557808,照合OK,クーパン2,2025-01,クリンスイ 浄水器 ポット型 交換用カートリッジ 3個入り ,48496,50240,-1744,snap,0.1068,5366,5179
23100140390912,照合OK,クーパン1,2025-09,HyperX Cloud Stinger Coreワイヤレス,82058,29100,52958,MSF,0.1054107,3067,8650
15100090085430,照合OK,クーパン1,2025-01,［ Salvatore Marra(サルバトーレマーラ) ］,151024,151873,-849,snap,0.1068,16220,16129
14100147353723,照合OK,クーパン2,2025-10,BANDAI SDガンダム BB戦士 ガンダムベース限定 ユ,43503,43601,-98,MSF,0.1076969,4696,4685
16100117527005,照合OK,クーパン1,2025-06,MSI マザーボード MPG B550 GAMING PLU,117934,124029,-6095,snap,0.1073873,13319,12665
18100113169674,照合OK,クーパン1,2025-05,[カシオ] 腕時計 ジーショック 【国内正規品】バイオマスプ,149547,150387,-840,snap,0.1045997,15730,15643
30100134681779,照合OK,クーパン1,2025-08,シャオミ(Xiaomi) スマートウォッチ Redmi Wa,48736,50489,-1753,MSF,0.1059,5347,5161
20100122658878,照合OK,クーパン2,2025-06,[TIMEX(タイメックス)] タイメックス 腕時計 メンズ,257788,259237,-1448,MSF,0.1073873,27839,27683
1100153326343,照合OK,クーパン2,2025-11,クリンスイ 浄水器 蛇口直結型 CSPシリーズ 交換カートリ,76878,79642,-2764,MSF,0.1068876,8513,8217
1100111038063,照合OK,クーパン2,2025-05,TNA 薬用 ホワイトニングクリーム 45g【医薬部外品】美,72224,73360,-1136,snap,0.1045997,7673,7555
29100100262279,照合OK,クーパン1,2025-03,【アップグレード版】 Anker PowerConf S50,213805,221492,-7687,snap,0.1019,22570,21787
10100150374556,照合OK,クーパン1,2025-11,ＲＧ 1/144 アカツキガンダム用シラヌイパック & ＨＧ,77359,77533,-174,MSF,0.1068876,8287,8269
16100131029873,照合OK,クーパン1,2025-08,BRIO 列車車庫 33574,36419,36501,-82,MSF,0.1059,3865,3857
5100098464242,照合OK,クーパン2,2025-02,貝印 KAI 両刃 包丁 五寸 和包丁 一凛 共同開発 橋本,81809,81993,-184,snap,0.1035,8486,8467
1100119349290,照合OK,クーパン1,2025-06,バタフライ(Butterfly) 卓球ラケット シェイク ミ,269261,269866,-605,snap,0.1073873,28980,28915
7100103132020,照合OK,クーパン2,2025-03,[オリエント]ORIENT Mako マコ 自動巻き腕時計 ,340594,342508,-1914,snap,0.1019,34902,34707
15100116190993,照合OK,クーパン1,2025-05,MG 機動戦士クロスボーン・ガンダム クロスボーンガンダムX,68156,68309,-153,snap,0.1045997,7145,7129
24100120179538,照合OK,クーパン1,2025-06,パイロット メルちゃん お人形セット おせわだいすきハローキ,54708,54831,-123,MSF,0.1073873,5888,5875
23100155012470,照合OK,クーパン2,2025-11,ブリーズライト スタンダード レギュラー 30枚 3個パック,47214,48912,-1698,MSF,0.1068876,5228,5047
23100151173020,照合OK,クーパン2,2025-11,ソニー(SONY) ポータブルスピーカー SRS-XB13 ,64774,67103,-2329,MSF,0.1068876,7172,6924
5100125485372,照合OK,クーパン2,2025-07,Noble Audio FALCON MAX NOB-FAL,176024,182353,-6329,MSF,0.1076677,19634,18952
4100139845560,照合OK,クーパン1,2025-09,HUAWEI(ファーウェイ)HUAWEI WATCH D2 ,463948,480629,-16681,MSF,0.1054107,50663,48905
29100089657853,照合OK,クーパン1,2025-01,SwitchBot 温湿度計 プロ 温度計 湿度計 - スイ,46218,46322,-104,snap,0.1068,4947,4936
1100112783399,照合OK,クーパン2,2025-05,Canon コンパクトデジタルカメラ PowerShot Z,311028,329201,-18173,snap,0.1045997,34434,32533
25100098428791,照合OK,クーパン2,2025-02,ソニー(SONY) ワイヤレスネックバンドスピーカー SRS,126282,130823,-4541,snap,0.1035,13540,13070
7100127382276,照合OK,クーパン1,2025-07,コイズミ ヘアドライヤー イオンバランス サロンセンス 30,76852,79615,-2764,MSF,0.1076677,8572,8274
25100151351420,照合OK,クーパン1,2025-11,Canon コンパクトデジタルカメラ PowerShot Z,281721,298181,-16460,MSF,0.1068876,31872,30112
2100136816201,照合OK,クーパン1,2025-09,FIFINE USBマイク コンデンサーマイク 単一指向性 ,51842,53706,-1864,MSF,0.1054107,5661,5465
1100094102390,照合OK,クーパン2,2025-02,貝印 KAI 包丁 ペティナイフ 120mm 木蓮 日本製 ,54139,54260,-121,snap,0.1035,5616,5603
30100093074796,照合OK,クーパン1,2025-01,仮面ライダージオウ DXオーマジオウドライバー,78916,79094,-178,snap,0.1068,8447,8428
11100098530445,照合OK,クーパン2,2025-02,あずきのチカラ ホットアイマスク 蒸気 目もと用 3個セット,51798,52613,-815,snap,0.1035,5445,5361
9100150512313,照合OK,クーパン2,2025-11,Obagi(オバジ) C25 セラムネオ 12ml,115228,117041,-1813,MSF,0.1068876,12510,12316
5100128972928,照合OK,クーパン2,2025-07,ダイワ(DAIWA) エギング専用リール 24エメラルダス ,145782,146110,-328,MSF,0.1076677,15731,15696
14100143798656,照合OK,クーパン1,2025-10,ＲＧ 1/144 アカツキガンダム用シラヌイパック & ＨＧ,79121,79299,-178,MSF,0.1076969,8540,8521
25100147907687,照合OK,クーパン1,2025-10,Figma 涼宮ハルヒの憂鬱 涼宮ハルヒ チアガールver.,70960,71119,-159,MSF,0.1076969,7659,7642
11100148060402,照合OK,クーパン2,2025-10,レキシリス.ブラック スカルプローション (100ｍL) ヘ,51754,52568,-814,MSF,0.1076969,5661,5574
28100146756829,照合OK,クーパン1,2025-10,アイリスオーヤマ コードレススティッククリーナー 掃除機 自,132557,137323,-4766,MSF,0.1076969,14789,14276
24100095036025,照合OK,クーパン2,2025-02,DJECO ジェコ アニマンボ メタルフォン おもちゃ 鉄琴,49920,50032,-112,snap,0.1035,5178,5167
14100148362846,照合OK,クーパン1,2025-10,ソニー LinkBuds :完全ワイヤレスイヤホン/小型軽量,134906,139757,-4851,MSF,0.1076969,15051,14529
23100091965754,照合OK,クーパン1,2025-01,ＭＧ 1/100 ナラティブガンダム Ｃ装備 Ｖｅｒ．Ｋａ用,75205,75374,-169,snap,0.1068,8050,8032
22100146209111,照合OK,クーパン2,2025-10,[シチズン] 腕時計 シチズン コレクション 光発電エコ・ド,173399,174373,-974,MSF,0.1076969,18779,18675
19100159493032,照合OK,クーパン1,2025-12,[セイコーウオッチ]SEIKO SELECTION(セイコー,328232,330076,-1844,MSF,0.108625,35855,35654
4100096917869,照合OK,クーパン2,2025-02,TORERUNO トレルーノ マウスウォッシュ トゥースウォ,82263,85220,-2957,snap,0.1035,8820,8514
30100159494952,照合OK,クーパン2,2025-12,RG 機動戦士Ζガンダム RX-178 ガンダムMk-II ,52305,52423,-118,MSF,0.108625,5694,5682
3100115013616,照合OK,クーパン2,2025-05,[カシオ] 腕時計 ジーショック【国内正規品】GWG-B10,891308,896316,-5008,snap,0.1045997,93754,93231
4100156947746,照合OK,クーパン2,2025-12,[カシオ] 腕時計 ジーショック 【国内正規品】 GWG-B,1031332,1037126,-5794,MSF,0.108625,112658,112028
29100088385652,照合OK,クーパン1,2025-01,ASUSTek 拡張カード ThunderboltEX 4 ,167623,176286,-8663,snap,0.1068,18827,17902
32100137053648,照合OK,クーパン1,2025-09,HUAWEI FreeBuds 6i ワイヤレスイヤホン B,94500,97898,-3398,MSF,0.1054107,10319,9961
24100093225224,照合OK,クーパン1,2025-01,ナノブロック アワードセレクション 海の王・クラーケン NB,105332,105568,-236,snap,0.1068,11275,11249
3100160954433,照合OK,クーパン1,2025-12,仮面ライダーガッチャード DXクロスホッパー＆テンライナー,36864,36947,-83,MSF,0.108625,4013,4004
26100090606486,照合OK,クーパン1,2025-01,22mm　セイコー　SEIKO　　　　ウレタン　バンド　DA,31444,31620,-176,snap,0.1068,3377,3358
23100095473560,照合OK,クーパン2,2025-02,SONY 有線 密閉型スタジオモニターヘッドホン 黒 MDR,157379,163037,-5658,snap,0.1035,16874,16289
32100103744450,照合OK,クーパン2,2025-03,[バンダイ] 仮面ライダーガヴ DXザクザクチップスラッシャ,35137,35216,-79,snap,0.1019,3589,3580
5100088030867,照合OK,クーパン1,2025-01,ソニー ハンディーポータブルラジオ ICF-P27 : FM,69349,71842,-2493,snap,0.1068,7673,7406
9100091499173,照合OK,クーパン1,2025-01,ケンコー(Kenko) 二眼レフ型クラシックデザイントイデジ,26700,0,26700,snap,0.1068,0,2852
15100102576199,照合OK,クーパン2,2025-03,Noble Audio FALCON MAX NOB-FAL,156364,161986,-5622,snap,0.1019,16506,15934
21100148991642,照合OK,クーパン1,2025-10,グルマンディーズ ちいかわ MagSafe 対応 メタルステ,30082,31164,-1082,MSF,0.1076969,3356,3240
8100136329518,照合OK,クーパン1,2025-08,SEIKO セイコー クオーツメトロノーム SQ200,65317,65684,-367,MSF,0.1059,6956,6917
12100126106883,照合OK,クーパン1,2025-07,アイドルタイムプリパラ 夢オールスターライブ! - 3DS,32352,32424,-72,MSF,0.1076677,3491,3483
15100153445983,照合OK,クーパン1,2025-11,"
ダイワ(DAIWA) 21 フリーギア MX 360TKH",319590,320308,-718,MSF,0.1068876,34237,34160
12100099860917,照合OK,クーパン1,2025-03,GWolves HTS Plus HTS+ 8K ゲーミング,221868,233086,-11218,snap,0.1019,23751,22608
23100094459375,照合OK,クーパン1,2025-02,MG 1/100 ガンダムベース限定 ユニコーンガンダム ペ,196565,197007,-442,snap,0.1035,20390,20345
8100089111875,照合OK,クーパン1,2025-01,figma バニースーツ プランニング ソフィア F シャー,140593,140909,-316,snap,0.1068,15049,15015
25100112627127,照合OK,クーパン1,2025-05,冷却ジェル パッド イヤーパッド Anker Soundco,36223,37525,-1302,snap,0.1045997,3925,3789
22100150048599,照合OK,クーパン1,2025-11,レコルト スマイルベイカーミニ RSM-2 recolte ,29548,30610,-1062,MSF,0.1068876,3272,3158
8100124030108,照合OK,クーパン2,2025-07,[バンダイ] DXタランチュラアビス,178552,178953,-401,MSF,0.1076677,19267,19224
31100116175615,照合OK,クーパン1,2025-05,ダイワ(DAIWA) 波止釣り・海上釣堀ロッド ILリーガル,137069,137377,-308,snap,0.1045997,14370,14337
5100133616241,照合OK,クーパン1,2025-08,メデラ 乳頭保護器 ブレストシェル 2個入り 炎症や亀裂を発,37540,37962,-422,MSF,0.1059,4020,3976
12100128080439,照合OK,クーパン1,2025-07,[セイコー] 腕時計 セイコーimport SEIKO 5 ,127484,128200,-716,MSF,0.1076677,13803,13726
7100115394096,照合OK,クーパン1,2025-05,DJI R マルチカメラ制御ケーブル (Sonyマルチ),31052,32169,-1117,snap,0.1045997,3365,3248
20100121112144,照合OK,クーパン2,2025-06,Magewell Ultra Stream HDMI,472964,497409,-24445,MSF,0.1073873,53415,50790
4100111992671,照合OK,クーパン1,2025-05,マジック:ザ・ギャザリング ストリクスヘイヴン:魔法学院 ド,154201,155934,-1733,snap,0.1045997,16311,16129
8100103169110,照合OK,クーパン2,2025-03,ソニー(SONY) ヘッドホン一体型ウォークマン Wシリーズ,127377,131957,-4580,snap,0.1019,13446,12980
26100113652360,照合OK,クーパン1,2025-05,4 in 1 キーボード マウス コンバーター セット、ゲー,83001,87198,-4197,snap,0.1045997,9121,8682
6100121048936,照合OK,クーパン1,2025-06,富士フイルム(FUJIFILM) チェキ カラー スマホプリ,128365,135865,-7500,MSF,0.1073873,14590,13785
19100130811706,照合OK,クーパン1,2025-08,[セイコーウオッチ] 腕時計 セイコー セレクション クオー,178828,179832,-1004,MSF,0.1059,19044,18938
23100146559017,照合OK,クーパン2,2025-10,パイロット 万年筆 キャップレスフェルモ FCF2MRBM ,229371,229886,-515,MSF,0.1076969,24758,24703
17100152408292,照合OK,クーパン2,2025-11,(純正パーツ) シマノ 22 ステラ 4000XG スプール,178338,178739,-401,MSF,0.1068876,19105,19062
1100112391410,照合OK,クーパン1,2025-05,iwaki(イワキ) 耐熱ガラス スイーツカップ パフェ 2,36374,36456,-82,snap,0.1045997,3813,3805
27100140953752,照合OK,クーパン1,2025-09,妖怪ウォッチ3 スシ/テンプラ バスターズTパック - 3D,82307,85267,-2960,MSF,0.1054107,8988,8676
8100154320634,照合OK,クーパン1,2025-11,【シリコーン素材】【タナック】タフシロン人工筋肉膝用サポータ,42658,44191,-1533,MSF,0.1068876,4723,4560
19100117944324,照合OK,クーパン2,2025-06,タカラトミー プラレール 連結! E8系つばさ ＆ トミカア,65842,65990,-148,snap,0.1073873,7086,7071
27100108104414,照合OK,クーパン2,2025-04,ブラウン Oral-B 電動歯ブラシ用 替えブラシ PRO ,74787,77476,-2689,snap,0.1002988,7771,7501
5100107402311,照合OK,クーパン2,2025-04,共立電気計器 (KYORITSU) 120A RMS AC/,134417,134719,-302,snap,0.1002988,13512,13482
27100116612726,照合OK,クーパン2,2025-05,Roland ローランド CY-14R-T Vシンバルパッド,369288,370118,-830,snap,0.1045997,38714,38627
5100093450859,照合OK,クーパン1,2025-02,OM SYSTEM/オリンパス OLYMPUS デジタルカメ,523596,542422,-18826,snap,0.1035,56141,54192
8100144838901,照合OK,クーパン1,2025-10,HG 1/144 MS-06J ザクII (機動戦士ガンダム,42720,42816,-96,MSF,0.1076969,4611,4601
6100140033570,照合OK,クーパン2,2025-09,スーパー戦隊シリーズ 海賊戦隊ゴーカイジャー VOL.3 [,46956,47062,-106,MSF,0.1054425,4962,4951
2100102979316,照合OK,クーパン1,2025-03,パイレックス(Pyrex) PYREX オーバル ロースター,44767,44868,-101,snap,0.1019,4572,4562
28100120303349,照合OK,クーパン1,2025-06,Gigabyte M6900 Optical Gaming ,150713,158333,-7620,MSF,0.1073873,17003,16185
13100093149785,照合OK,クーパン1,2025-01,M SI マザーボード B550M PRO-VDH WIFI,102893,108211,-5318,snap,0.1068,11557,10989
6100120145705,照合OK,クーパン1,2025-06,シマノ(SHIMANO) トラウトロッド 23 トラウトワン,158990,159347,-357,MSF,0.1073873,17112,17073
32100109476387,照合OK,クーパン2,2025-04,Noble Audio FALCON MAX NOB-FAL,164080,169980,-5900,snap,0.1002988,17049,16457
15100137458644,照合OK,クーパン1,2025-09,プリティーリズム マイ☆デコレインボーウエディング(限定レア,51335,53758,-2423,MSF,0.1054107,5667,5411
12100099870156,照合OK,クーパン2,2025-03,【医薬部外品】[ 美しさを引き出したハリ肌へ ] THE M,123407,123685,-278,snap,0.1019,12604,12575
20100157376389,照合OK,クーパン1,2025-12,[ツェッペリン]ZEPPELIN 腕時計 100周年 アイボ,286936,288548,-1612,MSF,0.108625,31344,31168
1100135199063,照合OK,クーパン2,2025-08,ブラウン 替刃 シリーズ7 シェーバー 73S F/C73S,64525,66845,-2320,MSF,0.1059,7079,6833
24100092133677,照合OK,クーパン2,2025-01,マテル(MATTEL) ジュラシックワールド(JURASSI,64276,64420,-144,snap,0.1068,6880,6865
25100119376569,照合OK,クーパン2,2025-06,シャープ(SHARP)【純正品】 シャープ 加湿空気清浄機用,48443,50184,-1741,MSF,0.1073873,5389,5202
26100094038886,照合OK,クーパン2,2025-02,メディキューブ AGE-Rスキンブースターショット 【1日5,106079,107748,-1669,snap,0.1035,11152,10979
9100155372415,照合OK,クーパン2,2025-11,ジョイパレット アンパンマン おでんもうどんもつくっちゃお!,62247,62386,-139,MSF,0.1068876,6668,6653
32100102983559,照合OK,クーパン1,2025-03,SteelSeries Rival 650 Quantum ,181952,191151,-9199,snap,0.1019,19478,18541
7100111888080,照合OK,クーパン1,2025-05,【国内正規品】ゲーミングマウス SteelSeries Ri,106017,111377,-5360,snap,0.1045997,11650,11089
15100149954883,照合OK,クーパン2,2025-10,NITTO(日東工器) スーパーハンド ASH-900,822716,852296,-29580,MSF,0.1076969,91790,88604
3100123376305,照合OK,クーパン1,2025-06,PRORASO (ポロラーソ) PRORASO(ポロラーソ),37496,38086,-590,MSF,0.1073873,4090,4027
10100138998894,照合OK,クーパン1,2025-09,ポケモンカードゲーム ソード＆シールド ハイクラスパック シ,165789,166162,-373,MSF,0.1054107,17515,17476
28100089453393,照合OK,クーパン1,2025-01,バンダイ(BANDAI) S.H.フィギュアーツ 仮面ライダ,88484,88683,-199,snap,0.1068,9471,9450
16100128832926,照合OK,クーパン2,2025-07,Kensington ケンジントン Slimblade Pr,139276,146318,-7042,MSF,0.1076677,15754,14996
14100131027631,照合OK,クーパン1,2025-08,ゲーム感覚で学べる～ はじめての聴音【使用ガイド】【CD2枚,35760,37448,-1688,MSF,0.1059,3966,3787
27100135796789,照合OK,クーパン2,2025-08,Philips(フィリップス) Norelco OneBla,72259,74857,-2598,MSF,0.1059,7927,7652
28100093520010,照合OK,クーパン2,2025-02,【Amazon.co.jp 限定】パイロット メルちゃん お,58402,58533,-131,snap,0.1035,6058,6045
27100109129099,照合OK,クーパン1,2025-04,22mm　セイコー　SEIKO　　　　ウレタン　バンド　DA,33589,33777,-188,snap,0.1002988,3388,3369
12100094126808,照合OK,クーパン2,2025-02,Google Pixel Buds Pro 2 Hazel ,258234,267518,-9284,snap,0.1035,27688,26727
15100151772900,照合OK,クーパン1,2025-11,AbuGarcia (アブガルシア) ZENON 2500S,308056,308748,-692,MSF,0.1068876,33001,32927
23100098282514,照合OK,クーパン2,2025-02,アムウェイ Amway ガラスクリーナー 109859J,34185,34569,-384,snap,0.1035,3578,3538
2100107452195,照合OK,クーパン1,2025-04,トミーテック figma リトルアーモリー 西部愛 ノンスケ,224120,224623,-503,snap,0.1002988,22529,22479
8100125252305,照合OK,クーパン1,2025-07,GWolves HTS Plus HTS+ 8K ゲーミング,247135,259631,-12496,MSF,0.1076677,27954,26608
32100131537535,照合OK,クーパン1,2025-08,GMKtec ミニpc AMD Ryzen 7 PRO 68,455262,485953,-30691,MSF,0.1059,51462,48212
2100132037744,照合OK,クーパン2,2025-08,SCHLEICH シュライヒ 恐竜 ティラノサウルス・レック,30794,30863,-69,MSF,0.1059,3268,3261
14100096380281,照合OK,クーパン1,2025-02,RLSOCO 収納ケース ソニー デジタルカメラ Cyber,27350,28948,-1598,snap,0.1035,2996,2831
12100098890283,照合OK,クーパン2,2025-03,figma Fate/Grand Order シールダー/マ,108829,109074,-245,snap,0.1019,11115,11090
11100090055087,照合OK,クーパン1,2025-01,MSIマザーボード B550M PRO-VDH WIFI R,103854,109222,-5368,snap,0.1068,11665,11092
29100125284913,照合OK,クーパン2,2025-07,Medela(メデラ) カーム 授乳システム | メデラの母,36490,36900,-410,MSF,0.1076677,3973,3929
32100147316823,照合OK,クーパン2,2025-10,[コミネ] バイク用 グローブ プロテクトウィンターグローブ,59301,61566,-2265,MSF,0.1076969,6630,6387
18100148263227,照合OK,クーパン1,2025-10,オーム(OHM) AudioComm 集音器 充電式 ブラッ,34523,35764,-1241,MSF,0.1076969,3852,3718
1100104325812,照合OK,クーパン1,2025-03,集音器 しゅうおんき 高齢者 耳掛け集音器音声拡聴器 充電式,42133,43647,-1514,snap,0.1019,4448,4293
2100090297240,照合OK,クーパン1,2025-01,JVCケンウッド JVC カナル型イヤホン XXシリーズ ハ,87976,91140,-3164,snap,0.1068,9734,9396
11100096850616,照合OK,クーパン2,2025-02,Kensington ケンジントン Slimblade Pr,130002,136575,-6573,snap,0.1035,14136,13455
5100141790365,照合OK,クーパン1,2025-09,[セイコーimport]SEIKO 腕時計 逆輸入 海外モデ,138279,139056,-777,MSF,0.1054107,14658,14576
25100119655674,照合OK,クーパン1,2025-06,FLUKE (フルーク) ボルトライト 検電器【国内正規品】,59755,59889,-134,snap,0.1073873,6431,6417
11100121412772,照合OK,クーパン1,2025-06,ニンテンドー3DS LL (ミントXホワイト),267463,280085,-12622,MSF,0.1073873,30078,28722
25100119017497,照合OK,クーパン1,2025-06,【任天堂ライセンス商品】PowerA コントローラー・チャー,32823,34372,-1549,snap,0.1073873,3691,3525
3100098676602,照合OK,クーパン2,2025-02,Potensic Atom SE ドローン本体（バッテリー付,185111,191767,-6656,snap,0.1035,19848,19159
5100093933131,照合OK,クーパン2,2025-02,マテル ジュラシックワールド(JURASSIC WORLD),64543,64688,-145,snap,0.1035,6695,6680
2100118120568,照合OK,クーパン1,2025-06,MSI マザーボード MPG B550 GAMING PLU,116902,122944,-6042,snap,0.1073873,13203,12554
25100126818519,照合OK,クーパン1,2025-07,【正規輸入品】ロイヤルコペンハーゲン ホワイトフルーテッド ,77332,77506,-174,MSF,0.1076677,8345,8326
1100096008803,照合OK,クーパン2,2025-02,京商オリジナル 1/43 日産 シルビア S15 スペックR,90887,91091,-204,snap,0.1035,9428,9407
32100106884305,照合OK,クーパン1,2025-04,Nintendo Switch 有機ELモデル対応 tomt,48612,50906,-2294,snap,0.1002988,5106,4876
26100109838070,照合OK,クーパン2,2025-04,トランスフォーマー/ONE OD-01 デラックスクラス オ,34639,34717,-78,snap,0.1002988,3482,3474
24100129447281,照合OK,クーパン1,2025-07,Akeyda 単眼鏡 美術館 4x12 美術館用単眼鏡 単眼,51362,51477,-115,MSF,0.1076677,5542,5530
11100105127163,照合OK,クーパン2,2025-04,HGBF ガンダムビルドファイターズ バトローグ ビルドスト,42782,42878,-96,snap,0.1002988,4301,4291
9100148525931,照合OK,クーパン1,2025-10,ZOOM ズーム F3 フィールドレコーダー 2チャンネル入,352591,365269,-12678,MSF,0.1076969,39338,37973
12100104526575,照合OK,クーパン1,2025-03,タカラトミー プラレール シンカリオンCW E7かがやき ド,62256,62395,-140,snap,0.1019,6358,6344
25100132191160,照合OK,クーパン1,2025-08,JVCケンウッド Victor HA-FX150T-NA ワ,178659,185082,-6423,MSF,0.1059,19600,18920
1100106716816,照合OK,クーパン2,2025-04,CCSTOYS 鉄魄[MORTAL MIND]シリーズ 『エ,363218,364034,-816,snap,0.1002988,36512,36430
6100151492180,照合OK,クーパン2,2025-11,DOD(ディーオーディー) キャンパーノ・サギョーギ ポリコ,54156,54461,-304,MSF,0.1068876,5821,5789
30100154251351,照合OK,クーパン2,2025-11,ハーバライフ HERBALIFE フォーミュラ1プロテインド,74680,75016,-336,MSF,0.1068876,8018,7982
1100139313795,照合OK,クーパン1,2025-09,DAFI ダフィ 浄水ボトル SOLID ソリッド 携帯用 ,46173,46277,-104,MSF,0.1054107,4878,4867
18100094744664,照合OK,クーパン1,2025-02,ゴルフスイングトレーニング補助、ゴルフスイングシャツトレーナ,55865,55991,-126,snap,0.1035,5795,5782
23100116755743,照合OK,クーパン1,2025-05,FLUKE (フルーク) ボルトライト 検電器【国内正規品】,120595,120866,-271,snap,0.1045997,12643,12614
3100126761124,照合OK,クーパン1,2025-07,プリティーリズム マイ☆デコレインボーウエディング(限定レア,61819,64737,-2918,MSF,0.1076677,6970,6656
24100152882197,照合OK,クーパン2,2025-11,コバックス(KOVAX)バフレックス グリーン シート（箱）,136686,136994,-308,MSF,0.1068876,14643,14610
27100138527870,照合OK,クーパン1,2025-09,マイクブームアーム マイクスタンド コンデンサー マイク用 ,53106,55016,-1910,MSF,0.1054107,5799,5598
12100112133960,照合OK,クーパン1,2025-05,MEINL Cymbals マイネル Byzance Bri,525376,526557,-1181,snap,0.1045997,55078,54954
19100133870905,照合OK,クーパン1,2025-08,watona ラミネート ペンケース がま口 Alice (,39169,39257,-88,MSF,0.1059,4157,4148
9100095994685,照合OK,クーパン1,2025-02,セイコー プロスペックス アルピニスト SBDC091 メン,796541,801016,-4475,snap,0.1035,82905,82442
21100149213865,照合OK,クーパン2,2025-10,【国内正規品】StriVectin ストリベクチン エイジン,48167,48924,-757,MSF,0.1076969,5269,5187
11100129418715,照合OK,クーパン2,2025-07,Anker Soundcore Sleep A20 （ワイヤ,192765,199696,-6931,MSF,0.1076677,21501,20755
31100118122353,照合OK,クーパン2,2025-06,SONY 有線 密閉型スタジオモニターヘッドホン 黒 MDR,172064,178250,-6186,snap,0.1073873,19142,18477
29100131396128,照合OK,クーパン1,2025-08,Sondery 電子メトロノーム 人声 大音量 デジタル ギ,40922,41014,-92,MSF,0.1059,4343,4334
4100110606546,照合OK,クーパン1,2025-04,赤道儀 用 デジタル コンパス POLE FINDER NS,291840,292496,-656,snap,0.1002988,29337,29271
2100113280634,照合OK,クーパン2,2025-05,[Citizen] 腕時計 レグノ KS3-115-51 メ,197028,198135,-1107,snap,0.1045997,20725,20609
5100119498356,照合OK,クーパン2,2025-06,ブラック・ウィドウ 4K UHD MovieNEX [4K ,72580,76820,-4240,snap,0.1073873,8249,7794
17100154687429,照合OK,クーパン2,2025-11,山崎実業(Yamazaki) テレビ裏収納ラック ブラック ,56079,56205,-126,MSF,0.1068876,6008,5994
5100149753873,照合OK,クーパン2,2025-11,SONY 8型液晶ポータブルDVDプレーヤー DVP-FX8,182655,193327,-10672,MSF,0.1068876,20664,19524
23100110384402,照合OK,クーパン1,2025-04,GODOX TT350F 富士フィルム用 クリップオンストロ,164516,170432,-5916,snap,0.1002988,17094,16501
4100125148012,照合OK,クーパン2,2025-07,Kiboer 超音波トリートメント アイロン トリートメント,118112,122359,-4247,MSF,0.1076677,13174,12717
13100153056366,照合OK,クーパン1,2025-11,NARUMI(ナルミ) マグカップ ブルーフラワー 300c,26887,26947,-60,MSF,0.1068876,2880,2874
25100123104401,照合OK,クーパン1,2025-06,仮面ライダー バトライド・ウォー 創生 メモリアルTVサウン,134728,141086,-6358,MSF,0.1073873,15151,14468
21100136159576,照合OK,クーパン1,2025-08,[カシオ]CASIO 腕時計 G-SHOCK ジーショック ,389224,391410,-2186,MSF,0.1059,41450,41219
16100135730892,照合OK,クーパン1,2025-08,HUAWEI WATCH FIT2 スマートウォッチ 心拍計,147927,153246,-5319,MSF,0.1059,16229,15665
26100146033276,照合OK,クーパン1,2025-10,アクラス Switch/PS5/PS4用 ワイヤレスマイクP,39009,41025,-2016,MSF,0.1076969,4418,4201
3100125679257,照合OK,クーパン1,2025-07,[カシオ] 腕時計 ジーショック 【国内正規品】G-SQUA,361794,363826,-2032,MSF,0.1076677,39172,38954
32100130526089,照合OK,クーパン1,2025-08,MODEROID 太陽の使者 鉄人28号 ノンスケール 組み,77822,77996,-174,MSF,0.1059,8260,8241
2100120522568,照合OK,クーパン1,2025-06,パガ－ニデザイン メンズ腕時計 日本製SEIKO NH35 ,260129,261591,-1462,MSF,0.1073873,28092,27935
2100106663958,照合OK,クーパン2,2025-04,OLYMPUS 望遠ズームレンズ M.ZUIKO DIGIT,163520,169399,-5879,snap,0.1002988,16991,16401
4100097049201,照合OK,クーパン1,2025-02,Roland/SPD-SX PRO Sampling Pad,1304179,1371586,-67407,snap,0.1035,141959,134983
11100148504418,照合OK,クーパン1,2025-10,XXIO ELEVEN ゼクシオ イレブン MP1100用 ,45070,45171,-101,MSF,0.1076969,4865,4854
15100120188745,照合OK,クーパン1,2025-06,カシオ ジーショック 腕時計 GW-9500-1A4 海外モ,351862,353838,-1976,MSF,0.1073873,37998,37785
20100121781232,照合OK,クーパン1,2025-06,Laifen ライフェン ドライヤー SE 大風量 速乾 ヘ,228810,237037,-8227,MSF,0.1073873,25455,24571
28100134588439,照合OK,クーパン2,2025-08,nwm(ヌーム) ワイヤレス ヘッドホン オープンイヤー型 ,315541,326886,-11345,MSF,0.1059,34617,33416
28100156739065,照合OK,クーパン1,2025-12,マテル ジュラシックワールド(JURASSIC WORLD),41696,41790,-94,MSF,0.108625,4539,4529
7100144508348,照合OK,クーパン1,2025-10,[ReliBeauty] 王子様 コスプレ 衣装 子供 ハロ,48986,49261,-275,MSF,0.1076969,5305,5276
6100111531101,照合OK,クーパン2,2025-05,F-ZXLP90 集塵フィルター と F-ZXLD90 脱臭,68156,70607,-2451,snap,0.1045997,7385,7129
17100115936050,照合OK,クーパン1,2025-05,ペンタックス smc PENTAX-DA 50mmF1.8 ,123310,127743,-4434,snap,0.1045997,13362,12898
9100139889514,照合OK,クーパン1,2025-09,CASIO [カシオ] デジタル 腕時計 ヴィンテージシリー,148612,149447,-835,MSF,0.1054107,15753,15665
17100155020676,照合OK,クーパン1,2025-11,HIOKI (日置電機) 接続ケーブル L4930,30296,31385,-1089,MSF,0.1068876,3355,3238
20100126754908,照合OK,クーパン1,2025-07,コロンバスサークル（MD用互換機）IPS 16ビットポケット,137950,139500,-1550,MSF,0.1076677,15020,14853
31100141056790,照合OK,クーパン1,2025-09,ブッシュネル（Bushnell） レーザー距離計 ピンシーカ,333812,346565,-12753,MSF,0.1054107,36532,35187
12100128348571,照合OK,クーパン1,2025-07,セコニック 露出計 スピードマスター L-858D,736662,740800,-4138,MSF,0.1076677,79760,79315
32100150618151,照合OK,クーパン2,2025-11,フィリップス ハンディガン ボディシェイプガン コードレス ,91501,94791,-3290,MSF,0.1068876,10132,9780
24100103717711,照合OK,クーパン1,2025-03,冴えない彼女の育てかた♭ 加藤恵 1/7スケール ABS&P,222233,222732,-499,snap,0.1019,22696,22646
8100139141088,照合OK,クーパン1,2025-09,ブッシュネル（Bushnell） レーザー距離計 ピンシーカ,331899,344578,-12679,MSF,0.1054107,36322,34986
11100088917042,照合OK,クーパン2,2025-01,【医薬部外品】グレイスワン リンクルケア モイストリペア ジ,33411,33936,-525,snap,0.1068,3624,3568
20100127422582,照合OK,クーパン1,2025-07,仮面ライダーエグゼイド 双刃烈破 DXガシャコンスパロー,76504,76676,-172,MSF,0.1076677,8256,8237
30100151253660,照合OK,クーパン1,2025-11,HUAWEI WATCH GT 4 46mm ゴルフナビ搭載,182913,189489,-6576,MSF,0.1068876,20254,19551
19100137552115,照合OK,クーパン1,2025-09,HUAWEI WATCH GT 5 Pro 46mm スマー,374761,388236,-13475,MSF,0.1054107,40924,39504
15100097223802,照合OK,クーパン1,2025-02,MG 1/100 MSZ-006A1 ゼータプラス (テスト,103026,103258,-232,snap,0.1035,10687,10663
24100128850897,照合OK,クーパン1,2025-07,[セイコーウオッチ] 腕時計 セイコー セレクション クオー,182575,183600,-1025,MSF,0.1076677,19768,19657
31100127943560,照合OK,クーパン1,2025-07,HGBF 1/144 クロスボーンガンダム X1 フルクロス,51602,51718,-116,MSF,0.1076677,5568,5556
28100140649940,精算待ち(実精算なし),クーパン2,2025-09,【歯科協会推薦】Oclean W10 ウォーターフロッサー ,36686,,,,0.1054425,,3868
5100159918171,精算待ち(実精算なし),クーパン2,2025-12,マテル ジュラシックワールド(JURASSIC WORLD),55883,,,,0.108625,,6070
19100145271533,精算待ち(実精算なし),クーパン2,2025-10,HG 1/144 ガンダムベース限定 百式 [ゴールドコーテ,69473,,,,0.1076969,,7482
24100145826584,精算待ち(実精算なし),クーパン2,2025-10,ダイワ(DAIWA) 磯用レバーブレーキリール 23シグナス,205617,,,,0.1076969,,22144
24100146209425,精算待ち(実精算なし),クーパン2,2025-10,ダイワ(DAIWA) エギング専用リール 24エメラルダス ,149734,,,,0.1076969,,16126
1100143544444,精算待ち(実精算なし),クーパン2,2025-09,Philips(フィリップス) Norelco OneBla,75525,,,,0.1054425,,7964
8100144792764,精算待ち(実精算なし),クーパン2,2025-10,BANDAI SPIRITS(バンダイ スピリッツ) RG ,54966,,,,0.1076969,,5920
4100145078529,精算待ち(実精算なし),クーパン2,2025-10,AbuGarcia (アブガルシア) Revo SP Bea,147322,,,,0.1076969,,15866
9100104337202,精算待ち(実精算なし),クーパン1,2025-03,正官庄(ジョンガンジャン) 紅参精エブリタイムV(バリュー),43450,,,,0.1019,,4428
25100093415886,精算待ち(実精算なし),クーパン2,2025-01,アムウェイ Amway ガラスクリーナー 109859J,0,,,,0.1068,,0
3100161759263,精算待ち(実精算なし),クーパン2,2025-12,くらしリズム メディカル ミヤリサン製薬 ミヤフローラEX ,37576,,,,0.108625,,4082
9100143423644,精算待ち(実精算なし),クーパン2,2025-10,TAMASHII NATIONS S.H.モンスターアーツ ,105465,,,,0.1076969,,11358
2025020449052241,精算待ち(実精算なし),クーパン1,2025-02,[カシオ] 腕時計 ジーショック 【国内正規品】Blueto,1113944,,,,0.1035,,115293
32100096766033,精算待ち(実精算なし),クーパン1,2025-02,Momcozy S12 Pro ハンズフリー電動搾乳機、着用,122161,,,,0.1035,,12644
18100161880116,精算待ち(実精算なし),クーパン2,2025-12,仮面ライダージオウ　DXオーマジオウライドウォッチ,71200,,,,0.108625,,7734
30100160098629,精算待ち(実精算なし),クーパン2,2025-12,Hisamitsu 乳酸菌EC-12 1g ×61袋 1兆個,76629,,,,0.108625,,8324
23100143445705,精算待ち(実精算なし),クーパン2,2025-09,Schick(シック) ハイドロ5プレミアム 敏感肌 コンボ,33749,,,,0.1054425,,3559
14100111671779,精算待ち(実精算なし),クーパン1,2025-05,AKASO アクションカメラ【Brave 7】 専用フレーム,32476,,,,0.1045997,,3397
1100141536062,精算待ち(実精算なし),クーパン2,2025-09,ソニー(SONY) ポータブルスピーカー SRS-XB13 ,64810,,,,0.1054425,,6834
27100159822843,精算待ち(実精算なし),クーパン2,2025-12,エバーカラーワンデー ルクアージュ 30枚 エアリーブラウン,51398,,,,0.108625,,5583
16100162742393,精算待ち(実精算なし),クーパン2,2025-12,シマノ(SHIMANO) スピニングリール 25ツインパワー,431748,,,,0.108625,,46899
21100144078254,精算待ち(実精算なし),クーパン2,2025-10,綺和美 KIWABI 育毛剤 スカルプマッサージヘアエッセン,78988,,,,0.1076969,,8507
2025020731201521,精算待ち(実精算なし),クーパン1,2025-02,バンダイスピリッツ HG 1/144 ガンダム プルトーネ,68023,,,,0.1035,,7040
32100162294407,精算待ち(実精算なし),クーパン2,2025-12,VICTORINOX(ビクトリノックス) オニキスブラックコ,174511,,,,0.108625,,18956
16100114227510,精算待ち(実精算なし),クーパン2,2025-05,ソニー(SONY) ポータブルスピーカー SRS-XB13 ,63688,,,,0.1045997,,6662
24100160766558,精算待ち(実精算なし),クーパン2,2025-12,シマノ(SHIMANO) スピニングリール 25ツインパワー,438298,,,,0.108625,,47610
32100145266732,精算待ち(実精算なし),クーパン2,2025-10,ダイワ(DAIWA) 磯用レバーブレーキリール 23シグナス,205617,,,,0.1076969,,22144
5100141202926,精算待ち(実精算なし),クーパン2,2025-09,[TIMEX(タイメックス)] タイメックス 腕時計 メンズ,243317,,,,0.1054425,,25656
11100145210929,精算待ち(実精算なし),クーパン2,2025-10,ピップエレキバン 足裏バンド 130ミリテスラ 2個入り 磁,34220,,,,0.1076969,,3685
4100162759163,精算待ち(実精算なし),クーパン2,2025-12,30MF ローザンナイト 色分け済みプラモデル,45426,,,,0.108625,,4934
6100145585134,精算待ち(実精算なし),クーパン2,2025-10,MITORI 2段式 コロナ感染抑える高速弁当箱炊飯器 0.,70168,,,,0.1076969,,7557
22100113830960,精算待ち(実精算なし),クーパン2,2025-05,デノン Denon AHC830NCW ノイズキャンセル機能,126887,,,,0.1045997,,13272
4100143906762,精算待ち(実精算なし),クーパン2,2025-10,SONY 有線 密閉型スタジオモニターヘッドホン 黒 MDR,176434,,,,0.1076969,,19001
21100162251627,精算待ち(実精算なし),クーパン2,2025-12,マジックマウンテン(MAGIC MOUNTAIN) バッグ ,57236,,,,0.108625,,6217
23100144532762,精算待ち(実精算なし),クーパン2,2025-10,ニッタク(Nittaku) 卓球 ラケット アコースティック,144874,,,,0.1076969,,15603
13100111372277,精算待ち(実精算なし),クーパン2,2025-05,ノースウェイスポーツ Northway Sports パーク,141154,,,,0.1045997,,14765
24100160305855,精算待ち(実精算なし),クーパン2,2025-12,ソニー CFexpress Type A SDメモリーカード,165576,,,,0.108625,,17986
11100140475346,精算待ち(実精算なし),クーパン2,2025-09,[ 強化ガラス素材 ] TALONGAMES マウスソール ,39863,,,,0.1054425,,4203
21100130794709,B_キャンセル補償(雑収入),クーパン1,2025-08,TONOR USBマイク コンデンサー コンピューター パソ,,29100,,MSF,,,
14100161564201,A_売上漏れ候補(status要修正),クーパン1,2025-12,Canon コンパクトデジタルカメラ PowerShot Z,,328372,,MSF,,,
6100107056538,A_売上漏れ候補(status要修正),クーパン2,2025-04,ミキモト ムーンパール バイタライジングクリーム N 30g,,115866,,snap,,,
25100121835478,B_キャンセル補償(雑収入),クーパン1,2025-06,[カシオ] 腕時計 ジーショック 【国内正規品】GA-230,,29100,,MSF,,,
16100125895629,B_キャンセル補償(雑収入),クーパン1,2025-07,オーディオテクニカ ATH-WP900 ヘッドホン 有線 密,,29100,,MSF,,,
2100123310620,B_キャンセル補償(雑収入),クーパン2,2025-07,PYKES PEAK (パイクスピーク) キャディバッグ 軽,,29100,,MSF,,,
6100104595371,A_売上漏れ候補(status要修正),クーパン2,2025-03,京商 ラジオコントロール 電動 ツーリングカー ファーストミ,,69237,,snap,,,
23100130442467,B_キャンセル補償(雑収入),クーパン1,2025-08,【国内正規品】 IBANEZ アイバニーズ トレモロアーム ,,14550,,MSF,,,
12100091676864,A_売上漏れ候補(status要修正),クーパン1,2025-01,【Amazon.co.jp限定】 オーディオテクニカ ATH,,198304,,snap,,,
