注文番号,区分,アカウント,年月,商品名,見込みZ_KRW,実精算_KRW,差KRW,行別為替,実精算_円,見込みAB_円
17100093542953,照合OK,クーパン2,2025-01,Razer Viper 8K Hz ゲーミングマウス 8倍以,100436,105515,-5078,0.1068,11269,10727
25100098428791,照合OK,クーパン2,2025-02,ソニー(SONY) ワイヤレスネックバンドスピーカー SRS,126282,130823,-4541,0.1035,13540,13070
13100103304244,照合OK,クーパン1,2025-03,JJC フラッシュディフューザー FD-1互換 OM SYS,42711,44247,-1536,0.1019,4509,4352
29100123807354,照合OK,クーパン1,2025-07,コイズミ ヘアドライヤー イオンバランス サロンセンス 30,79735,82602,-2867,0.1076677,8894,8585
28100120303349,照合OK,クーパン1,2025-06,Gigabyte M6900 Optical Gaming ,150713,158333,-7620,0.1073873,17003,16185
16100111617681,照合OK,クーパン1,2025-05,OHSサプライ Spin Master パープレクサス ゴー,33535,33611,-76,0.1045997,3516,3508
10100100315878,照合OK,クーパン2,2025-03,ファイティングスティック mini for PlayStat,66875,71383,-4508,0.1019,7274,6815
15100097223802,照合OK,クーパン1,2025-02,MG 1/100 MSZ-006A1 ゼータプラス (テスト,103026,103258,-232,0.1035,10687,10663
8100088283555,照合OK,クーパン1,2025-01,Freewell DJI Mini 3 Pro 専用 広角レ,130243,134925,-4682,0.1068,14410,13910
2100091298795,照合OK,クーパン2,2025-01,[Beauty of Joseon] Glow Serum ,30830,31315,-485,0.1068,3344,3293
16100099794947,照合OK,クーパン2,2025-03,ワンデー アキュビュー ディファイン モイスト ナチュラルシ,43156,43835,-679,0.1019,4467,4398
3100102318762,照合OK,クーパン2,2025-03,トランスフォーマー/ONE OD-01 デラックスクラス オ,43877,43976,-99,0.1019,4481,4471
17100124572847,照合OK,クーパン1,2025-07,22mm　セイコー　SEIKO　　　　ウレタン　バンド　DA,31818,31996,-178,0.1076677,3445,3426
24100113183998,照合OK,クーパン2,2025-05,シマノ(SHIMANO) ベイトリール 23 SLX DC ,207797,208264,-467,0.1045997,21784,21736
12100099870156,照合OK,クーパン2,2025-03,【医薬部外品】[ 美しさを引き出したハリ肌へ ] THE M,123407,123685,-278,0.1019,12604,12575
20100120567617,照合OK,クーパン2,2025-06,Razer Viper 8K Hz ゲーミングマウス 8倍以,106373,111751,-5378,0.1073873,12001,11423
28100096874318,照合OK,クーパン2,2025-02,ワンデー アキュビュー ディファイン モイスト ナチュラルシ,42747,43419,-672,0.1035,4494,4424
1100111038063,照合OK,クーパン2,2025-05,TNA 薬用 ホワイトニングクリーム 45g【医薬部外品】美,72224,73360,-1136,0.1045997,7673,7555
17100115936050,照合OK,クーパン1,2025-05,ペンタックス smc PENTAX-DA 50mmF1.8 ,123310,127743,-4434,0.1045997,13362,12898
16100098599277,照合OK,クーパン2,2025-02,プラレール かっこいいがいっぱい! 新幹線 N700S確認試,133838,134139,-301,0.1035,13883,13852
4100114722882,照合OK,クーパン1,2025-05,[ツェッペリン] 腕時計 Special Edition 1,235343,236665,-1322,0.1045997,24755,24617
22100122906673,照合OK,クーパン1,2025-07,WERJIA 収納ケース 互換性ペンタックス PENTAX ,29842,30915,-1073,0.1076677,3329,3213
1100106716816,照合OK,クーパン2,2025-04,CCSTOYS 鉄魄[MORTAL MIND]シリーズ 『エ,363218,364034,-816,0.1002988,36512,36430
26100120930481,照合OK,クーパン1,2025-06,パイロット メルちゃん お人形セット おせわだいすきハローキ,56346,56473,-127,0.1073873,6064,6051
20100114878723,照合OK,クーパン1,2025-05,KCNC 自転車 軽量 チェーンリング ボルト SB009 ,44108,44208,-100,0.1045997,4624,4614
23100098089519,照合OK,クーパン1,2025-02,iShoot 76mm CNC機械加工 金属 カメラリング式,58749,62181,-3432,0.1035,6436,6081
29100100262279,照合OK,クーパン1,2025-03,【アップグレード版】 Anker PowerConf S50,213805,221492,-7687,0.1019,22570,21787
23100107004595,照合OK,クーパン1,2025-04,SEIKO セイコー クオーツメトロノーム SQ200,73781,74195,-414,0.1002988,7442,7400
21100112689958,照合OK,クーパン1,2025-05,ニンテンドー3DS LL (ミントXホワイト),274690,287652,-12962,0.1045997,30088,28732
12100094126808,照合OK,クーパン2,2025-02,Google Pixel Buds Pro 2 Hazel ,258234,267518,-9284,0.1035,27688,26727
32100102983559,照合OK,クーパン1,2025-03,SteelSeries Rival 650 Quantum ,181952,191151,-9199,0.1019,19478,18541
23100098282514,照合OK,クーパン2,2025-02,アムウェイ Amway ガラスクリーナー 109859J,34185,34569,-384,0.1035,3578,3538
7100108589265,照合OK,クーパン1,2025-04,純正パーツ 15 ツインパワー C2000S スプール組 パ,70924,74590,-3666,0.1002988,7481,7114
23100089476382,照合OK,クーパン1,2025-01,カワダ(Kawada) nanoblock - World ,54504,54626,-122,0.1068,5834,5821
26100117090070,照合OK,クーパン1,2025-06,仮面ライダーエグゼイド LVUR16 シミュレーションゲーマ,30118,30185,-67,0.1073873,3241,3234
21100098528796,照合OK,クーパン1,2025-02,[TIMEX] 腕時計 コカコーラコラボ TW2V25800,113733,114372,-639,0.1035,11838,11771
5100111690190,照合OK,クーパン1,2025-05,YUNZII X75 ホットスワップメカニカルキーボード 透,116634,122532,-5898,0.1045997,12817,12200
9100094003304,照合OK,クーパン2,2025-02,マテル ジュラシックワールド(JURASSIC WORLD),64543,64688,-145,0.1035,6695,6680
10100099413446,照合OK,クーパン2,2025-03,Nikon ゴルフ用レーザー距離計 COOLSHOT 20G,152412,158235,-5822,0.1019,16124,15531
29100091700347,照合OK,クーパン1,2025-01,ＭＧ ガ ン ダ ムストームブリンガー Ｐ.Ｆ. 1/100,98763,98985,-222,0.1068,10572,10548
13100122947068,照合OK,クーパン1,2025-06,BOSS ボス クリップチューナー TU-05 大型カラー・,35725,35805,-80,0.1073873,3845,3836
11100096625282,照合OK,クーパン1,2025-02,[カシオ]CASIO 腕時計 G-SHOCK ジーショック ,273274,274810,-1536,0.1035,28443,28284
10100113530307,照合OK,クーパン2,2025-05,ソニー(SONY) ポータブルスピーカー SRS-XB13 ,63688,65978,-2290,0.1045997,6901,6662
3100123376305,照合OK,クーパン1,2025-06,PRORASO (ポロラーソ) PRORASO(ポロラーソ),37496,38086,-590,0.1073873,4090,4027
6100124477592,照合OK,クーパン1,2025-07,妖怪ウォッチ 妖怪Pad,94402,97797,-3395,0.1076677,10530,10164
23100095473560,照合OK,クーパン2,2025-02,SONY 有線 密閉型スタジオモニターヘッドホン 黒 MDR,157379,163037,-5658,0.1035,16874,16289
15100120188745,照合OK,クーパン1,2025-06,カシオ ジーショック 腕時計 GW-9500-1A4 海外モ,351862,353838,-1976,0.1073873,37998,37785
17100092998425,照合OK,クーパン2,2025-01,[バンダイ] レジェンド変身ベルトシリーズ カイザドライバー,38030,38115,-85,0.1068,4071,4062
30100100808744,照合OK,クーパン2,2025-03,メディキューブ AGE-Rスキンブースターショット 【1日5,134888,137010,-2122,0.1019,13961,13745
13100116896222,照合OK,クーパン1,2025-05,ケンコー(Kenko) 二眼レフ型クラシックデザイントイデジ,73051,77155,-4104,0.1045997,8070,7641
32100113861819,照合OK,クーパン1,2025-05,仮面ライダーエグゼイド LVUR14 仮面ライダーパラドクス,77848,78023,-175,0.1045997,8161,8143
31100094208601,照合OK,クーパン1,2025-02,"
HGUC 1/144 Ex-S ガンダム （ガンダム・セン",53827,53948,-121,0.1035,5584,5571
12100098890283,照合OK,クーパン2,2025-03,figma Fate/Grand Order シールダー/マ,108829,109074,-245,0.1019,11115,11090
24100092133677,照合OK,クーパン2,2025-01,マテル(MATTEL) ジュラシックワールド(JURASSI,64276,64420,-144,0.1068,6880,6865
21100102772808,照合OK,クーパン2,2025-03,Razer Viper 8K Hz ゲーミングマウス 8倍以,104593,109881,-5288,0.1019,11197,10658
28100087939395,照合OK,クーパン1,2025-01,TAMASHII NATIONS S.H.フィギュアーツ 怪,70808,70968,-160,0.1068,7579,7562
23100094459375,照合OK,クーパン1,2025-02,MG 1/100 ガンダムベース限定 ユニコーンガンダム ペ,196565,197007,-442,0.1035,20390,20345
22100113900750,照合OK,クーパン2,2025-05,【指定医薬部外品】新ビオフェルミンSプラス錠 550錠 61,44393,44593,-200,0.1045997,4664,4644
16100121453600,照合OK,クーパン1,2025-06,シャンティ -海賊の呪い- - 3DS,59844,59978,-134,0.1073873,6441,6426
30100096562604,照合OK,クーパン2,2025-02,BANDAI MG 1/100 V2ガンダム Ver.Ka用,52065,52182,-117,0.1035,5401,5389
6100120145705,照合OK,クーパン1,2025-06,シマノ(SHIMANO) トラウトロッド 23 トラウトワン,158990,159347,-357,0.1073873,17112,17073
23100088385077,照合OK,クーパン2,2025-01,BenQ ScreenBar Halo モニターライト スク,217961,233879,-15918,0.1068,24978,23278
14100092231575,照合OK,クーパン1,2025-01,マグカップ ガラス おしゃれ 耐 冷熱 ピーターラビット 耐,29032,29097,-65,0.1068,3108,3101
2100097831537,照合OK,クーパン2,2025-02,パール金属(PEARL METAL) VISIONS ビジョ,46431,46536,-105,0.1035,4816,4806
24100111884841,照合OK,クーパン1,2025-05,オーキッドシード ちちのえ+∞ -Infinity- Pin,175374,175769,-394,0.1045997,18385,18344
5100119498356,照合OK,クーパン2,2025-06,ブラック・ウィドウ 4K UHD MovieNEX [4K ,72580,76820,-4240,0.1073873,8249,7794
2100090297240,照合OK,クーパン1,2025-01,JVCケンウッド JVC カナル型イヤホン XXシリーズ ハ,87976,91140,-3164,0.1068,9734,9396
31100095744363,照合OK,クーパン2,2025-02,[朝鮮美女/Beauty of Joseon] Glow S,31711,32210,-499,0.1035,3334,3282
3100125679257,照合OK,クーパン1,2025-07,[カシオ] 腕時計 ジーショック 【国内正規品】G-SQUA,361794,363826,-2032,0.1076677,39172,38954
26100112208297,照合OK,クーパン2,2025-05,ジレット 髭剃りケース 収納ケース ジレット Gillett,38412,39794,-1382,0.1045997,4162,4018
15100106552260,照合OK,クーパン2,2025-04,イチネンTASCO デジタル温度計 本体 エアコン 空調メン,217507,217996,-489,0.1002988,21865,21816
31100092177269,照合OK,クーパン2,2025-01,デミ フローディア ST スリークモイスト 4 レフィル 4,56417,57305,-888,0.1068,6120,6025
21100107262282,照合OK,クーパン2,2025-04,ニンテンドー3DS コスモブラック,227876,238629,-10753,0.1002988,23934,22856
23100116755743,照合OK,クーパン1,2025-05,FLUKE (フルーク) ボルトライト 検電器【国内正規品】,120595,120866,-271,0.1045997,12643,12614
8100093532339,照合OK,クーパン2,2025-01,Flybay 女の子 おもちゃ 化粧品 おもちゃ - 偽物 ,41892,41986,-94,0.1068,4484,4474
2100118120568,照合OK,クーパン1,2025-06,MSI マザーボード MPG B550 GAMING PLU,116902,122944,-6042,0.1073873,13203,12554
13100124155707,照合OK,クーパン1,2025-07,HUAWEI WATCH GT 5 Pro 46mm スマー,416734,431717,-14983,0.1076677,46482,44869
6100111531101,照合OK,クーパン2,2025-05,F-ZXLP90 集塵フィルター と F-ZXLD90 脱臭,68156,70607,-2451,0.1045997,7385,7129
1100093311061,照合OK,クーパン1,2025-01,ag WHP01K 【AG-WHP01K】 ワイヤレス ヘッ,99484,103061,-3577,0.1068,11007,10625
32100092967901,照合OK,クーパン1,2025-01,妖怪ウォッチ DX YSPウォッチ ヒーロー変身セット,46111,46215,-104,0.1068,4936,4925
25100123104401,照合OK,クーパン1,2025-06,仮面ライダー バトライド・ウォー 創生 メモリアルTVサウン,134728,141086,-6358,0.1073873,15151,14468
31100118122353,照合OK,クーパン2,2025-06,SONY 有線 密閉型スタジオモニターヘッドホン 黒 MDR,172064,178250,-6186,0.1073873,19142,18477
24100095036025,照合OK,クーパン2,2025-02,DJECO ジェコ アニマンボ メタルフォン おもちゃ 鉄琴,49920,50032,-112,0.1035,5178,5167
28100105270909,照合OK,クーパン1,2025-04,エレコム マウス ワイヤレス トラックボール (親指) 左手,57957,60887,-2930,0.1002988,6107,5813
12100112133960,照合OK,クーパン1,2025-05,MEINL Cymbals マイネル Byzance Bri,525376,526557,-1181,0.1045997,55078,54954
20100108314022,照合OK,クーパン2,2025-04,FLUKE (フルーク) 真の実効値マルチメーター【国内正規,316564,317275,-711,0.1002988,31822,31751
22100088749539,照合OK,クーパン1,2025-01,Momcozy M5 ハンズフリー電動搾乳機 軽量で薄型、装,167703,168080,-377,0.1068,17951,17911
2100107452195,照合OK,クーパン1,2025-04,トミーテック figma リトルアーモリー 西部愛 ノンスケ,224120,224623,-503,0.1002988,22529,22479
25100123976811,照合OK,クーパン1,2025-07,[セイコー] 腕時計 セイコーimport SEIKO 5 ,128632,129354,-722,0.1076677,13927,13849
3100107449832,照合OK,クーパン2,2025-04,【太るサプリ／太るプロテイン】管理栄養士監修 ドクター・フト,132699,133295,-596,0.1002988,13369,13310
20100121112144,照合OK,クーパン2,2025-06,Magewell Ultra Stream HDMI,472964,497409,-24445,0.1073873,53415,50790
7100119930725,照合OK,クーパン1,2025-06,ZOOM ズーム MS-200D+ マルチストンプペダル イ,102795,108108,-5313,0.1073873,11609,11039
31100094693523,照合OK,クーパン1,2025-02,[セイコーウォッチ] 腕時計 アストロン ソーラー電波 8B,1027710,1033483,-5773,0.1035,106965,106368
9100088558504,照合OK,クーパン1,2025-01,K&F Concept 67mm 可変NDフィルター ND2,49600,51383,-1783,0.1068,5488,5297
18100093786799,照合OK,クーパン1,2025-02,ソニー(SONY) ヘッドホン一体型ウォークマン Wシリーズ,109283,113212,-3929,0.1035,11717,11311
1100116984458,照合OK,クーパン1,2025-06,【旧モデル】ブラウン オーラルB すみずみクリーンキッズ レ,37433,38779,-1346,0.1073873,4164,4020
32100093330197,照合OK,クーパン2,2025-01,Lekufee 防水ハードキャリングケース DJI Mavi,139062,139375,-312,0.1068,14885,14852
15100105642731,照合OK,クーパン1,2025-04,PRO Supporter(プロサポーター) 膝 サポーター,51985,53854,-1869,0.1002988,5401,5214
15100116190993,照合OK,クーパン1,2025-05,MG 機動戦士クロスボーン・ガンダム クロスボーンガンダムX,68156,68309,-153,0.1045997,7145,7129
27100105527638,照合OK,クーパン1,2025-04,充電式集音器 高齢者集音器しゅうおんき 高感度集音器 音声拡,106916,110760,-3844,0.1002988,11109,10724
9100096506021,照合OK,クーパン1,2025-02,Roland(ローランド) Dual-Trigger Cym,94340,99216,-4876,0.1035,10269,9764
32100102642844,照合OK,クーパン1,2025-03,仮面ライダージオウ DXエグゼイドライドウォッチ,33037,33111,-74,0.1019,3374,3366
25100089363450,照合OK,クーパン1,2025-01,ブリタ 水筒 携帯用 浄水ボトル 600ml アクティブ ブ,32405,32478,-73,0.1068,3469,3461
28100117480394,照合OK,クーパン1,2025-06,仮面ライダー バトライド・ウォー 創生 メモリアルTVサウン,149538,156595,-7057,0.1073873,16816,16058
18100111822949,照合OK,クーパン1,2025-05,スター・ウォーズ/スカイウォーカーの夜明け 4K UHD M,74012,74428,-416,0.1045997,7785,7742
22100092862611,照合OK,クーパン2,2025-01,MARVIS(マービス) MARVIS マービス ホワイト・,59087,61212,-2125,0.1068,6537,6311
25100119376569,照合OK,クーパン2,2025-06,シャープ(SHARP)【純正品】 シャープ 加湿空気清浄機用,48443,50184,-1741,0.1073873,5389,5202
28100093520010,照合OK,クーパン2,2025-02,【Amazon.co.jp 限定】パイロット メルちゃん お,58402,58533,-131,0.1035,6058,6045
7100123166724,照合OK,クーパン1,2025-06,[Miffia] ハロウィン コスプレ 可愛い ウサギ警察 ,51353,51641,-288,0.1073873,5546,5515
9100091499173,照合OK,クーパン1,2025-01,ケンコー(Kenko) 二眼レフ型クラシックデザイントイデジ,26700,0,26700,0.1068,0,2852
24100104869206,照合OK,クーパン1,2025-03,フィットネスワイヤレスマイク KIMAFUN2.4G無線防水,98105,103175,-5070,0.1019,10514,9997
31100121985942,照合OK,クーパン1,2025-06,DJI Mavic 2 カーチャージャー,40353,40443,-90,0.1073873,4343,4333
30100110940553,照合OK,クーパン1,2025-04,カシオ ジーショック 腕時計 GW-9500-1A4 海外モ,366502,368561,-2059,0.1002988,36966,36760
5100107402311,照合OK,クーパン2,2025-04,共立電気計器 (KYORITSU) 120A RMS AC/,134417,134719,-302,0.1002988,13512,13482
26100113652360,照合OK,クーパン1,2025-05,4 in 1 キーボード マウス コンバーター セット、ゲー,83001,87198,-4197,0.1045997,9121,8682
26100094038886,照合OK,クーパン2,2025-02,メディキューブ AGE-Rスキンブースターショット 【1日5,106079,107748,-1669,0.1035,11152,10979
23100089482706,照合OK,クーパン1,2025-01,Nakamichi ナカミチサウンド 【ワイヤレス イヤホン,49066,50830,-1764,0.1068,5429,5240
29100096532292,照合OK,クーパン2,2025-02,Razer Chroma Light Strip Set C,173123,181876,-8753,0.1035,18824,17918
19100117944324,照合OK,クーパン2,2025-06,タカラトミー プラレール 連結! E8系つばさ ＆ トミカア,65842,65990,-148,0.1073873,7086,7071
5100109699338,照合OK,クーパン1,2025-04,カミオジャパン ペンケース パコトレー クリアパープル 20,27590,27652,-62,0.1002988,2773,2767
12100122424942,照合OK,クーパン1,2025-06,[ハミルトン] 腕時計 Watch ジャズマスター H385,407175,409462,-2287,0.1073873,43971,43725
1100124799986,照合OK,クーパン1,2025-07,最新型ヘッドセットブルートゥースイヤホン猫の耳が光る女性用ワ,50062,51862,-1800,0.1076677,5584,5390
3100093949162,照合OK,クーパン1,2025-02,INPON 汎用 L型クイックリリースプレート L型ブラケッ,28222,29871,-1649,0.1035,3092,2921
27100107401923,照合OK,クーパン1,2025-04,[スワンズ] 日本製 スイミングゴーグル SW-CR SKB,29762,29828,-66,0.1002988,2992,2985
9100122790535,照合OK,クーパン2,2025-06,ダイワ(DAIWA) エギング専用リール 24エメラルダス ,145782,146110,-328,0.1073873,15690,15655
22100110985645,照合OK,クーパン2,2025-05,[カシオ] 腕時計 シーン 【国内正規品】ソーラー SHS-,154184,155050,-866,0.1045997,16218,16128
25100107062470,照合OK,クーパン1,2025-04,富士フイルム(FUJIFILM) インスタントカメラ チェキ,539999,570336,-30337,0.1002988,57204,54161
26100104690117,照合OK,クーパン2,2025-03,WRINKLE TWINKLE リンクルティンクル【医薬部外,29041,29498,-457,0.1019,3006,2959
25100108493222,照合OK,クーパン2,2025-04,Schrammek(シュラメック) BBパーフェクトビューテ,80269,81532,-1263,0.1002988,8178,8051
7100115394096,照合OK,クーパン1,2025-05,DJI R マルチカメラ制御ケーブル (Sonyマルチ),31052,32169,-1117,0.1045997,3365,3248
13100122740137,照合OK,クーパン1,2025-06,HyperX Cloud Stinger Coreワイヤレス,81551,85766,-4215,0.1073873,9210,8758
13100096730875,照合OK,クーパン1,2025-02,ＭＧ 1/100 ナラティブガンダム Ｃ装備 Ｖｅｒ．Ｋａ用,76771,76944,-173,0.1035,7964,7946
29100122026012,照合OK,クーパン1,2025-06,通販エレキバンＭＡＸ２００　２４粒入 × 3個セット,51451,51567,-116,0.1073873,5538,5525
30100089771958,照合OK,クーパン1,2025-01,JJC レンズキャップ Canon PowerShot V1,33535,35495,-1960,0.1068,3791,3582
3100095548523,照合OK,クーパン2,2025-02,エレコム リストレスト dimp gel ゲル ピンク MO,35297,35853,-556,0.1035,3711,3653
4100092512331,照合OK,クーパン1,2025-01,OM SYSTEM/オリンパス OLYMPUS 単焦点レンズ,257103,272125,-15022,0.1068,29063,27459
14100103859177,照合OK,クーパン1,2025-03,タカラトミー プラレール シンカリオンCW E7かがやき ド,63181,63323,-142,0.1019,6453,6438
32100091087557,照合OK,クーパン2,2025-01,スター・ウォーズ/最後のジェダイ ファースト・オーダー スト,37958,38044,-86,0.1068,4063,4054
12100092138375,照合OK,クーパン1,2025-01,ジョイパレット(JOYPALETTE) アンパンマンとなかま,42408,42599,-190,0.1068,4550,4529
8100095491437,照合OK,クーパン1,2025-02,RG 機動戦士ガンダム0083 STARDUST MEMOR,57182,57311,-128,0.1035,5932,5918
31100095856441,照合OK,クーパン2,2025-02,ViewSonic M1+_G2 LED モバイルプロジェク,384124,406567,-22443,0.1035,42080,39757
23100114142486,照合OK,クーパン1,2025-05,ゴルフレーザー距離計 mini VM1/VM2 「今平周吾プ,198630,206218,-7588,0.1045997,21570,20777
12100104526575,照合OK,クーパン1,2025-03,タカラトミー プラレール シンカリオンCW E7かがやき ド,62256,62395,-140,0.1019,6358,6344
5100119374931,照合OK,クーパン1,2025-06,MSI マザーボード MPG B550 GAMING PLU,116706,122738,-6032,0.1073873,13181,12533
24100093225224,照合OK,クーパン1,2025-01,ナノブロック アワードセレクション 海の王・クラーケン NB,105332,105568,-236,0.1068,11275,11249
29100093135737,照合OK,クーパン1,2025-01,M SI マザーボード B550M PRO-VDH WIFI,102893,111564,-8671,0.1068,11915,10989
9100095994685,照合OK,クーパン1,2025-02,セイコー プロスペックス アルピニスト SBDC091 メン,796541,801016,-4475,0.1035,82905,82442
5100091738795,照合OK,クーパン2,2025-01,共立電気計器 低圧用検電器 5711,42649,42745,-96,0.1068,4565,4555
23100105225096,照合OK,クーパン2,2025-04,KYORITSU AC/DCクランプ付デジタルマルチメータ ,131417,131713,-296,0.1002988,13211,13181
18100121422805,照合OK,クーパン1,2025-06,[セイコーimport]SEIKO 腕時計 逆輸入 海外モデ,138831,139611,-780,0.1073873,14992,14909
3100090269533,照合OK,クーパン1,2025-01,【お手入れ簡単/進化した早炊き】 アイリスオーヤマ 炊飯器 ,149039,154398,-5359,0.1068,16490,15917
6100121048936,照合OK,クーパン1,2025-06,富士フイルム(FUJIFILM) チェキ カラー スマホプリ,128365,135865,-7500,0.1073873,14590,13785
27100116612726,照合OK,クーパン2,2025-05,Roland ローランド CY-14R-T Vシンバルパッド,369288,370118,-830,0.1045997,38714,38627
19100105759289,照合OK,クーパン1,2025-04,ファンケル (FANCL) 尿酸 サポート 90日分 (30,96690,97124,-434,0.1002988,9741,9698
4100113477545,照合OK,クーパン2,2025-05,[セイコーウオッチ] 腕時計 セイコーセレクション チタンソ,401532,403788,-2256,0.1045997,42236,42000
12100099860917,照合OK,クーパン1,2025-03,GWolves HTS Plus HTS+ 8K ゲーミング,221868,233086,-11218,0.1019,23751,22608
29100104045012,照合OK,クーパン2,2025-03,TVCM放映中！小松菜奈さん出演【医療団体推奨】MYTREX,141261,146340,-5079,0.1019,14912,14394
32100111377511,照合OK,クーパン2,2025-05,STAGEA ピアノ&エレクトーン 中～上級 Vol.27 ,41002,41094,-92,0.1045997,4298,4289
23100123911935,照合OK,クーパン1,2025-07,Newニンテンドー3DS LL ライム×ブラック,357949,374841,-16892,0.1076677,40358,38540
1100112783399,照合OK,クーパン2,2025-05,Canon コンパクトデジタルカメラ PowerShot Z,311028,329201,-18173,0.1045997,34434,32533
29100088385652,照合OK,クーパン1,2025-01,ASUSTek 拡張カード ThunderboltEX 4 ,167623,176286,-8663,0.1068,18827,17902
18100107965994,照合OK,クーパン2,2025-04,オーディオテクニカ BX3/3.0 WH マイクケーブル X,40967,42440,-1473,0.1002988,4257,4109
31100115707155,照合OK,クーパン1,2025-05,パイロット メルちゃん お人形セット おせわだいすきハローキ,53071,53190,-119,0.1045997,5564,5551
19100098110476,照合OK,クーパン2,2025-02,マテル ジュラシックワールド(JURASSIC WORLD),50312,50425,-113,0.1035,5219,5207
5100092005443,照合OK,クーパン2,2025-01,RLSOCO ジレット 髭剃りケース 収納ケース ジレット ,35644,36926,-1282,0.1068,3944,3807
14100088552746,照合OK,クーパン1,2025-01,[オリエントスター]ORIENT STAR 自動巻き腕時計 ,618959,622437,-3478,0.1068,66476,66105
32100103744450,照合OK,クーパン2,2025-03,[バンダイ] 仮面ライダーガヴ DXザクザクチップスラッシャ,35137,35216,-79,0.1019,3589,3580
4100114995064,照合OK,クーパン2,2025-05,【指定医薬部外品】新ビオフェルミンSプラス錠 550錠 61,44393,44593,-200,0.1045997,4664,4644
29100103964480,照合OK,クーパン1,2025-03,Noritake ノリタケ マグカップ 約395cc トレフ,44073,44172,-99,0.1019,4501,4491
16100113581695,照合OK,クーパン1,2025-05,AVP＆プレデター　ブルーレイコレクション(5枚組) [Bl,55046,55170,-124,0.1045997,5771,5758
30100123324277,照合OK,クーパン1,2025-06,[カシオ] 腕時計 ジーショック 【国内正規品】 G-SQU,353116,355100,-1984,0.1073873,38133,37920
28100089122955,照合OK,クーパン1,2025-01,グッドスマイルカンパニー(GOOD SMILE COMPAN,206658,207122,-464,0.1068,22121,22071
27100093132247,照合OK,クーパン1,2025-01,ハセガワ 1/35 建機シリーズ ヤンマー コンバイン YH,33277,33352,-75,0.1068,3562,3554
16100120244134,照合OK,クーパン1,2025-06,"BOYA BY-PM700 USBコンピュータ会議マイク, ",101825,105486,-3661,0.1073873,11328,10935
28100097455053,照合OK,クーパン1,2025-02,仮面ライダーリバイス 変身ベルト DXリバイスドライバー 仮,45479,45581,-102,0.1035,4718,4707
18100110051704,照合OK,クーパン1,2025-04,HUAWEI MatePad 2022 タブレット 10.4,287924,307334,-19410,0.1002988,30825,28878
8100103169110,照合OK,クーパン2,2025-03,ソニー(SONY) ヘッドホン一体型ウォークマン Wシリーズ,127377,131957,-4580,0.1019,13446,12980
5100102564775,照合OK,クーパン2,2025-03,ソニー(SONY) ヘッドホン一体型ウォークマン Wシリーズ,126825,131385,-4560,0.1019,13388,12923
1100096905931,照合OK,クーパン2,2025-02,メルちゃん お人形セット ハローキティネネちゃん,67854,68006,-152,0.1035,7039,7023
5100098464242,照合OK,クーパン2,2025-02,貝印 KAI 両刃 包丁 五寸 和包丁 一凛 共同開発 橋本,81809,81993,-184,0.1035,8486,8467
26100112737265,照合OK,クーパン1,2025-05,仮面ライダーエグゼイド LVUR02 仮面ライダーブレイブ ,52937,53056,-119,0.1045997,5550,5537
31100104816842,照合OK,クーパン2,2025-03,三和電気計器 SANWA アナログ絶縁抵抗計 500V/25,157156,157509,-353,0.1019,16050,16014
16100117527005,照合OK,クーパン1,2025-06,MSI マザーボード MPG B550 GAMING PLU,117934,124029,-6095,0.1073873,13319,12665
6100097257079,照合OK,クーパン1,2025-02,ポケモンカードゲーム ソード&シールド スペシャルカードセッ,44883,44984,-101,0.1035,4656,4645
20100096625237,照合OK,クーパン2,2025-02,メデラ 搾乳機 電動 スイング・マキシ 交換用パーツ チュー,35529,35609,-80,0.1035,3686,3677
3100122187590,照合OK,クーパン1,2025-06,ASUSTek 拡張カード ThunderboltEX 4 ,159657,167909,-8252,0.1073873,18031,17145
17100098767840,照合OK,クーパン2,2025-02,Nikon ゴルフ用レーザー距離計 COOLSHOT 20G,152582,158411,-5829,0.1035,16396,15792
10100116843549,照合OK,クーパン1,2025-06,Beelink ミニ PC SER7シリーズ、AMD Ryz,685407,731614,-46207,0.1073873,78566,73604
23100109827365,照合OK,クーパン1,2025-04,ROCKBOARD by Warwick エフェクター用LE,55928,56053,-125,0.1002988,5622,5609
1100104325812,照合OK,クーパン1,2025-03,集音器 しゅうおんき 高齢者 耳掛け集音器音声拡聴器 充電式,42133,43647,-1514,0.1019,4448,4293
22100093487259,照合OK,クーパン2,2025-02,iewSonic M1+_G2 LED モバイルプロジェクタ,234835,248556,-13721,0.1035,25726,24305
19100096753665,照合OK,クーパン2,2025-02,国内正規品】JILL STUART ジルスチュアート ディー,56818,57073,-255,0.1035,5907,5881
5100104002035,照合OK,クーパン2,2025-03,マテル ジュラシックワールド(JURASSIC WORLD),80305,80485,-180,0.1019,8201,8183
17100097580977,照合OK,クーパン1,2025-02,ソニー ハンディーポータブルラジオ ICF-P27 : FM,76914,79679,-2765,0.1035,8247,7961
3100088777590,照合OK,クーパン1,2025-01,BANDAI SPIRITS(バンダイ スピリッツ) MGS,69518,69674,-156,0.1068,7441,7425
26100106582080,照合OK,クーパン2,2025-04,MG 機動戦士ガンダムNT シナンジュ・スタイン (ナラティ,113324,113578,-254,0.1002988,11392,11366
14100109150673,照合OK,クーパン2,2025-04,マテル(MATTEL) ジュラシックワールド(JURASSI,48051,48159,-108,0.1002988,4830,4819
17100119963900,照合OK,クーパン1,2025-06,ブラウン(Braun) シェーバー用 充電スタンド シリーズ,39801,41232,-1431,0.1073873,4428,4274
1100096008803,照合OK,クーパン2,2025-02,京商オリジナル 1/43 日産 シルビア S15 スペックR,90887,91091,-204,0.1035,9428,9407
28100101147894,照合OK,クーパン1,2025-03,OM SYSTEM/オリンパス OLYMPUS ミラーレス一,105127,108907,-3780,0.1019,11098,10712
23100094454362,照合OK,クーパン1,2025-02,Nikon フィールドスコープ MONARCH フィールドス,87051,82805,4246,0.1035,8570,9010
10100125563780,照合OK,クーパン1,2025-07,[セイコー] 腕時計 セイコーimport SEIKO 5 ,127831,128549,-718,0.1076677,13841,13763
26100122076931,照合OK,クーパン1,2025-06,"【Amazon.co,jp限定】 ケンコー(Kenko) デ",57334,60684,-3350,0.1073873,6517,6157
11100102108876,照合OK,クーパン2,2025-03,マテル(MATTEL) ジュラシックワールド(JURASSI,39409,39498,-89,0.1019,4025,4016
7100107925632,照合OK,クーパン2,2025-04,マテル ジュラシックワールド(JURASSIC WORLD),80305,80485,-180,0.1002988,8073,8054
8100089111875,照合OK,クーパン1,2025-01,figma バニースーツ プランニング ソフィア F シャー,140593,140909,-316,0.1068,15049,15015
30100111051057,照合OK,クーパン1,2025-04,遊戯王オフィシャルカードゲーム デュエリストカードプロテクタ,51495,51611,-116,0.1002988,5177,5165
1100116985208,照合OK,クーパン1,2025-06,【旧モデル】ブラウン オーラルB すみずみクリーンキッズ レ,37433,38779,-1346,0.1073873,4164,4020
24100092834159,照合OK,クーパン2,2025-01,【国内正規品】StriVectin ストリベクチン エイジン,46458,47189,-731,0.1068,5040,4962
5100104676776,照合OK,クーパン1,2025-03,ハセガワ 1/35 建機シリーズ ヤンマー コンバイン YH,35333,35412,-79,0.1019,3608,3600
3100095051182,照合OK,クーパン1,2025-02,セーラー万年筆 万年筆 プロフィットスタンダード21 マルン,164321,164690,-369,0.1035,17045,17007
4100125984310,照合OK,クーパン1,2025-07,AIMZENIX AX200 PCゲーミングキーボードとマウ,81399,85515,-4116,0.1076677,9207,8764
26100116514735,照合OK,クーパン1,2025-05,ソニー(SONY) ワイヤレスヘッドホン WH-CH520:,66768,69168,-2400,0.1045997,7235,6984
9100088934159,照合OK,クーパン1,2025-01,オーディオテクニカ AT-SB727 BK ワイヤレス レコ,205715,213111,-7396,0.1068,22760,21970
12100112276690,照合OK,クーパン1,2025-05,Nintendo Switch Lite ターコイズ,216742,226970,-10228,0.1045997,23741,22671
7100123299846,照合OK,クーパン1,2025-06,Zerodis. 集音マイク コンクリートマイク 壁マイク ,27038,28010,-972,0.1073873,3008,2904
14100096380281,照合OK,クーパン1,2025-02,RLSOCO 収納ケース ソニー デジタルカメラ Cyber,27350,28948,-1598,0.1035,2996,2831
13100122868108,照合OK,クーパン2,2025-06,CARE PRO DEEP ケアプロディープ 超音波トリート,409890,424627,-14738,0.1073873,45600,44017
1100093851886,照合OK,クーパン2,2025-02,アムウェイ Amway ガラスクリーナー 109859J,33366,33741,-375,0.1035,3492,3453
32100106884305,照合OK,クーパン1,2025-04,Nintendo Switch 有機ELモデル対応 tomt,48612,50906,-2294,0.1002988,5106,4876
11100096150716,照合OK,クーパン1,2025-02,Geekria 60% コンパクトキーボードケース、61 キ,37273,39200,-1927,0.1035,4057,3858
11100105127163,照合OK,クーパン2,2025-04,HGBF ガンダムビルドファイターズ バトローグ ビルドスト,42782,42878,-96,0.1002988,4301,4291
32100109476387,照合OK,クーパン2,2025-04,Noble Audio FALCON MAX NOB-FAL,164080,169980,-5900,0.1002988,17049,16457
10100096860529,照合OK,クーパン1,2025-02,MG 1/100 MSN-06S シナンジュ用 メタルバーニ,97980,98200,-220,0.1035,10164,10141
7100112260999,照合OK,クーパン2,2025-05,Xbox ワイヤレス コントローラー (ルナ シフト),109986,115177,-5191,0.1045997,12047,11505
24100098990248,照合OK,クーパン1,2025-03,ハセガワ 1/35 建機シリーズ ヤンマー コンバイン YH,34087,34164,-77,0.1019,3481,3473
9100112785243,照合OK,クーパン1,2025-05,Bluetooth イヤホン ネックバンド型 首掛け ワイヤ,33322,34520,-1198,0.1045997,3611,3485
24100120179538,照合OK,クーパン1,2025-06,パイロット メルちゃん お人形セット おせわだいすきハローキ,54708,54831,-123,0.1073873,5888,5875
4100110606546,照合OK,クーパン1,2025-04,赤道儀 用 デジタル コンパス POLE FINDER NS,291840,292496,-656,0.1002988,29337,29271
7100103132020,照合OK,クーパン2,2025-03,[オリエント]ORIENT Mako マコ 自動巻き腕時計 ,340594,342508,-1914,0.1019,34902,34707
18100090772910,照合OK,クーパン2,2025-01,Noble Audio FoKus H-ANC ブルー | ,191359,198239,-6880,0.1068,21172,20437
22100109193645,照合OK,クーパン1,2025-04,プリティーリズム マイ☆デコレインボーウエディング(限定レア,49689,52034,-2345,0.1002988,5219,4984
29100102040542,照合OK,クーパン2,2025-03,Razer Viper 8K Hz ゲーミングマウス 8倍以,104708,110003,-5294,0.1019,11209,10670
31100109088446,照合OK,クーパン1,2025-04,Keychron M7 ワイヤレスマウス 有線 / Blue,89454,93977,-4523,0.1002988,9426,8972
3100110730265,照合OK,クーパン1,2025-04,キャラクタッチ!-五等分の花嫁‐,46467,46571,-104,0.1002988,4671,4661
6100095099980,照合OK,クーパン1,2025-02,オーディオテクニカ ATH-CKS50TW BL ワイヤレス,104299,108049,-3750,0.1035,11183,10795
11100098530445,照合OK,クーパン2,2025-02,あずきのチカラ ホットアイマスク 蒸気 目もと用 3個セット,51798,52613,-815,0.1035,5445,5361
2100094009955,照合OK,クーパン1,2025-02,シマノ(SHIMANO) スピニングリール 投げ・遠投 15,171102,171487,-384,0.1035,17749,17709
9100114589007,照合OK,クーパン2,2025-05,アスタリフト Ｄ-ＵＶクリア アクアデイセラム (30g S,54317,55171,-854,0.1045997,5771,5682
23100095510328,照合OK,クーパン1,2025-02,TAMASHII NATIONS S.H.フィギュアーツ 怪,62042,62181,-139,0.1035,6436,6421
2100113280634,照合OK,クーパン2,2025-05,[Citizen] 腕時計 レグノ KS3-115-51 メ,197028,198135,-1107,0.1045997,20725,20609
3100098222427,照合OK,クーパン2,2025-02,CCSTOYS 鉄魄[MORTAL MIND]シリーズ 『エ,348738,349521,-783,0.1035,36175,36094
23100110384402,照合OK,クーパン1,2025-04,GODOX TT350F 富士フィルム用 クリップオンストロ,164516,170432,-5916,0.1002988,17094,16501
26100109838070,照合OK,クーパン2,2025-04,トランスフォーマー/ONE OD-01 デラックスクラス オ,34639,34717,-78,0.1002988,3482,3474
2100106663958,照合OK,クーパン2,2025-04,OLYMPUS 望遠ズームレンズ M.ZUIKO DIGIT,163520,169399,-5879,0.1002988,16991,16401
24100103717711,照合OK,クーパン1,2025-03,冴えない彼女の育てかた♭ 加藤恵 1/7スケール ABS&P,222233,222732,-499,0.1019,22696,22646
32100124660113,照合OK,クーパン1,2025-07,スナッグゴルフ スナッガズー 【国内正規品】 SNAG GO,53667,53788,-121,0.1076677,5791,5778
30100093372118,照合OK,クーパン2,2025-01,ペリカンPelikan 万年筆 スーベレーン M405 シル,337354,338113,-758,0.1068,36110,36029
1100119349290,照合OK,クーパン1,2025-06,バタフライ(Butterfly) 卓球ラケット シェイク ミ,269261,269866,-605,0.1073873,28980,28915
12100125235146,照合OK,クーパン1,2025-07,HUAWEI(ファーウェイ)HUAWEI WATCH D2 ,463468,480131,-16664,0.1076677,51695,49900
15100109015624,照合OK,クーパン2,2025-04,[オリエント]ORIENT Bambino バンビーノ 自動,320631,322433,-1802,0.1002988,32340,32159
3100098676602,照合OK,クーパン2,2025-02,Potensic Atom SE ドローン本体（バッテリー付,185111,191767,-6656,0.1035,19848,19159
2100120522568,照合OK,クーパン1,2025-06,パガ－ニデザイン メンズ腕時計 日本製SEIKO NH35 ,260129,261591,-1462,0.1073873,28092,27935
15100102576199,照合OK,クーパン2,2025-03,Noble Audio FALCON MAX NOB-FAL,156364,161986,-5622,0.1019,16506,15934
4100111992671,照合OK,クーパン1,2025-05,マジック:ザ・ギャザリング ストリクスヘイヴン:魔法学院 ド,154201,155934,-1733,0.1045997,16311,16129
15100114012897,照合OK,クーパン2,2025-05,共立電気計器 (KYORITSU) 低圧用検電器(AC20V,43405,43503,-98,0.1045997,4550,4540
24100115279866,照合OK,クーパン1,2025-05,プリティーリズム マイ☆デコレインボーウエディング(限定レア,52679,55165,-2486,0.1045997,5770,5510
29100119060501,照合OK,クーパン1,2025-06,【任天堂ライセンス商品】PowerA コントローラー・チャー,32823,34372,-1549,0.1073873,3691,3525
22100098819117,照合OK,クーパン1,2025-03,ダイワ(DAIWA) 電動リール シーボーグ G200JL,782354,784113,-1758,0.1019,79901,79722
16100121478342,照合OK,クーパン1,2025-06,BB戦士 SD戦国伝 天下統一編 黒魔神闇皇帝(クロマジンヤ,94465,94677,-212,0.1073873,10167,10144
5100101756431,照合OK,クーパン2,2025-03,ZOOM ズーム MS-200D+ マルチストンプペダル イ,121921,128223,-6302,0.1019,13066,12424
11100105974751,照合OK,クーパン2,2025-04,ヨシカワ EAトCO イイトコ Oki（オキ） おたまスタン,35431,35511,-80,0.1002988,3562,3554
5100088030867,照合OK,クーパン1,2025-01,ソニー ハンディーポータブルラジオ ICF-P27 : FM,69349,71842,-2493,0.1068,7673,7406
32100095505673,照合OK,クーパン1,2025-02,シマノ(SHIMANO) レバーブレーキ スピニングリール ,191128,191557,-430,0.1035,19826,19782
11100121412772,照合OK,クーパン1,2025-06,ニンテンドー3DS LL (ミントXホワイト),267463,280085,-12622,0.1073873,30078,28722
8100122278485,照合OK,クーパン1,2025-06,Hape(ハペ) 大きなクレーンセット E3715,36374,36456,-82,0.1073873,3915,3906
8100112497591,照合OK,クーパン2,2025-05,コンクリートマイク 高感度 壁集音器 集音マイク イヤホン付,61098,63295,-2196,0.1045997,6621,6391
23100100247084,照合OK,クーパン2,2025-03,ドラゴンボール カードダス リミックス Vol.2,110538,110786,-248,0.1019,11289,11264
28100115585591,照合OK,クーパン2,2025-05,通販エレキバンＭＡＸ２００　２４粒入 × 3個セット,48096,48204,-108,0.1045997,5042,5031
31100091500778,照合OK,クーパン1,2025-01,PARKER パーカー ボールペン 油性 IM プレミアムラ,63217,63359,-142,0.1068,6767,6752
12100123557226,照合OK,クーパン1,2025-07,パイロット メルちゃん お人形セット おせわだいすきハローキ,55465,55589,-124,0.1076677,5985,5972
3100115013616,照合OK,クーパン2,2025-05,[カシオ] 腕時計 ジーショック【国内正規品】GWG-B10,891308,896316,-5008,0.1045997,93754,93231
28100089453393,照合OK,クーパン1,2025-01,バンダイ(BANDAI) S.H.フィギュアーツ 仮面ライダ,88484,88683,-199,0.1068,9471,9450
16100092377950,照合OK,クーパン1,2025-01,バンダイスピリッツ HG 1/144 ガンダム プルトーネ,73790,73956,-166,0.1068,7899,7881
11100104108888,照合OK,クーパン1,2025-03,NEEWER ZV-E1カメラケージ HDMIケーブルクラン,71111,73668,-2557,0.1019,7507,7246
24100111016017,照合OK,クーパン2,2025-05,NUX ニューエックス Mighty Lite BT MKI,136170,136476,-306,0.1045997,14275,14243
11100090055087,照合OK,クーパン1,2025-01,MSIマザーボード B550M PRO-VDH WIFI R,103854,109222,-5368,0.1068,11665,11092
7100116795614,照合OK,クーパン2,2025-05,BANDAI SDガンダム BB戦士 ガンダムベース限定 ユ,48745,48855,-110,0.1045997,5110,5099
13100092812124,照合OK,クーパン1,2025-01,オーディオテクニカ VM10CB用 交換針 VMN10CB,81435,84363,-2928,0.1068,9010,8697
29100094649498,照合OK,クーパン1,2025-02,ダイワ(DAIWA) 電動リール 23レオブリッツ 300J,489028,490127,-1099,0.1035,50728,50614
1100112391410,照合OK,クーパン1,2025-05,iwaki(イワキ) 耐熱ガラス スイーツカップ パフェ 2,36374,36456,-82,0.1045997,3813,3805
30100098713677,照合OK,クーパン2,2025-02,breo アイウォーマー 目元エステ ホット アイマスク 充,84105,87129,-3024,0.1035,9018,8705
6100088786709,照合OK,クーパン1,2025-01,ソニー ハンディーポータブルラジオ ICF-P27 : FM,77172,79947,-2775,0.1068,8538,8242
29100125284310,照合OK,クーパン1,2025-07,Medela(メデラ) カーム 授乳システム | メデラの母,34470,34857,-387,0.1076677,3753,3711
8100125252305,照合OK,クーパン1,2025-07,GWolves HTS Plus HTS+ 8K ゲーミング,247135,259631,-12496,0.1076677,27954,26608
24100099049198,照合OK,クーパン2,2025-03,MOONDROP × YASUNO KIYONO 夢回 - ,160298,166061,-5763,0.1019,16922,16334
20100096304416,照合OK,クーパン1,2025-02,RG 機動戦士ガンダム0083 STARDUST MEMOR,56479,56606,-127,0.1035,5859,5846
32100099078369,照合OK,クーパン2,2025-03,トミカプレミアム RS ラフェラーリ,76148,76320,-172,0.1019,7777,7760
4100106054407,照合OK,クーパン2,2025-04,ヤマハ YAMAHA ギターアンプ THR5,284248,284887,-639,0.1002988,28574,28510
29100089657853,照合OK,クーパン1,2025-01,SwitchBot 温湿度計 プロ 温度計 湿度計 - スイ,46218,46322,-104,0.1068,4947,4936
31100111188308,照合OK,クーパン2,2025-05,シルバニアファミリー 家具 赤ちゃんシーソー カ-215,55438,55563,-125,0.1045997,5812,5799
14100124916690,照合OK,クーパン1,2025-07,【正規品】ブラウン 脱毛器 レディースシェーバー シルク・エ,38163,38764,-601,0.1076677,4174,4109
2100097083134,照合OK,クーパン2,2025-02,ジョイパレット(JOYPALETTE) アンパンマン すうじ,56114,56241,-126,0.1035,5821,5808
9100097636260,照合OK,クーパン1,2025-02,ヤマハ YAMAHA アンプ THR10II リアルな真空管,348942,349726,-784,0.1035,36197,36116
25100097813372,照合OK,クーパン2,2025-02,コンクリートマイク 高感度 壁集音器 集音マイク イヤホン付,59052,61175,-2124,0.1035,6332,6112
29100114408238,照合OK,クーパン2,2025-05,【指定医薬部外品】新ビオフェルミンSプラス錠 550錠 61,44393,44593,-200,0.1045997,4664,4644
19100109586757,照合OK,クーパン1,2025-04,Noritake ノリタケ ティー カップ & ソーサー 1,46289,46393,-104,0.1002988,4653,4643
19100121224722,照合OK,クーパン1,2025-06,ＲＧ 1/144 アカツキガンダム用シラヌイパック & ＨＧ,80385,80565,-180,0.1073873,8652,8632
3100116110566,照合OK,クーパン1,2025-05,Medela(メデラ) 搾乳機 電動 ソロ 搾乳機 (電動・,150428,150766,-338,0.1045997,15770,15735
2100104182387,照合OK,クーパン1,2025-03,[TIMEXタイメックス] 腕時計 イージーリーダー サステ,106079,106675,-596,0.1019,10870,10809
17100124511063,照合OK,クーパン1,2025-07,ブラウン(Braun) シェーバー用 充電スタンド シリーズ,39525,40946,-1421,0.1076677,4409,4256
7100110318966,照合OK,クーパン1,2025-04,機動戦士ガンダム THE ORIGIN I [DVD],52110,52227,-118,0.1002988,5238,5227
29100099536003,照合OK,クーパン2,2025-03,Nikon ゴルフ用レーザー距離計 COOLSHOT 20G,152412,158235,-5822,0.1019,16124,15531
3100091692531,照合OK,クーパン1,2025-01,HGUC 1/144 アッシマー （機動戦士Zガンダム）,48505,48614,-109,0.1068,5192,5180
26100090606486,照合OK,クーパン1,2025-01,22mm　セイコー　SEIKO　　　　ウレタン　バンド　DA,31444,31620,-176,0.1068,3377,3358
25100117895868,照合OK,クーパン1,2025-06,Android9 4.7インチ MP3プレーヤー Bluet,76958,79725,-2767,0.1073873,8561,8264
2100102979316,照合OK,クーパン1,2025-03,パイレックス(Pyrex) PYREX オーバル ロースター,44767,44868,-101,0.1019,4572,4562
8100100100861,照合OK,クーパン2,2025-03,ミラノコレクション ボディフレッシュパウダー２０２２,141430,143655,-2225,0.1019,14638,14412
30100093074796,照合OK,クーパン1,2025-01,仮面ライダージオウ DXオーマジオウドライバー,78916,79094,-178,0.1068,8447,8428
29100115924064,照合OK,クーパン1,2025-05,ダイワ(DAIWA) バスロッド ブラックレーベル トラベル,328864,329603,-739,0.1045997,34476,34399
4100097049201,照合OK,クーパン1,2025-02,Roland/SPD-SX PRO Sampling Pad,1304179,1371586,-67407,0.1035,141959,134983
12100118437449,照合OK,クーパン2,2025-06,ソニー(SONY) ポータブルスピーカー SRS-XB13 ,63688,65978,-2290,0.1073873,7085,6839
5100125347616,照合OK,クーパン1,2025-07,AbuGarcia (アブガルシア) ZENON 2500M,322438,323163,-725,0.1076677,34794,34716
11100114991333,照合OK,クーパン1,2025-05,Newニンテンドー3DS LL ライム×ブラック,456953,478517,-21564,0.1045997,50053,47797
32100106641169,照合OK,クーパン2,2025-04,パナソニック ボディトリマー® ボディシェーバー VIO対応,65700,68062,-2362,0.1002988,6827,6590
25100090090743,照合OK,クーパン1,2025-01,figma アクセル・ワールド 黒雪姫 学内アバターver.,82521,82706,-185,0.1068,8833,8813
27100103192821,照合OK,クーパン1,2025-03,SIXOCTAVE ペンタックス D-LI109 互換バッテ,31960,33109,-1149,0.1019,3374,3257
7100111888080,照合OK,クーパン1,2025-05,【国内正規品】ゲーミングマウス SteelSeries Ri,106017,111377,-5360,0.1045997,11650,11089
11100125158252,照合OK,クーパン1,2025-07,ソニー(SONY) ワイヤレスイヤホン WI-C100:Bl,47998,49723,-1725,0.1076677,5354,5168
25100099240216,照合OK,クーパン2,2025-03,AIMZENIX AX600 Monster キーボードとマ,136633,143695,-7062,0.1019,14643,13923
18100088118121,照合OK,クーパン1,2025-01,figma バニースーツ プランニング ソフィア F シャー,143717,144525,-808,0.1068,15435,15349
11100100322596,照合OK,クーパン2,2025-03,【正規輸入品】 CIVASAN シバサン メゾ ブレミッシュ,82334,83629,-1295,0.1019,8522,8390
5100093450859,照合OK,クーパン1,2025-02,OM SYSTEM/オリンパス OLYMPUS デジタルカメ,523596,542422,-18826,0.1035,56141,54192
24100089150773,照合OK,クーパン1,2025-01,仮面ライダーゼロワン DXシャイニングホッパープログライズキ,53382,53502,-120,0.1068,5714,5701
23100091965754,照合OK,クーパン1,2025-01,ＭＧ 1/100 ナラティブガンダム Ｃ装備 Ｖｅｒ．Ｋａ用,75205,75374,-169,0.1068,8050,8032
9100101797034,照合OK,クーパン1,2025-03,[カシオ] 腕時計 プロトレック 【国内正規品】Hiker ,202119,203254,-1135,0.1019,20712,20596
15100091948616,照合OK,クーパン2,2025-01,ンデー アキュビュー ディファイン モイスト ナチュラルシャ,42854,43528,-674,0.1068,4649,4577
5100093933131,照合OK,クーパン2,2025-02,マテル ジュラシックワールド(JURASSIC WORLD),64543,64688,-145,0.1035,6695,6680
9100112731902,照合OK,クーパン1,2025-05,"BOYA BY-PM700 USBコンピュータ会議マイク, ",103827,107561,-3734,0.1045997,11251,10860
24100091510600,照合OK,クーパン1,2025-01,TAMASHII NATIONS TAMASHII NATI,280501,281132,-631,0.1068,30025,29958
3100116548666,照合OK,クーパン1,2025-05,【Amazon.co.jp限定】 ケンコー(Kenko) デ,62238,65874,-3636,0.1045997,6890,6510
11100094734071,照合OK,クーパン1,2025-02,[セイコーimport]SEIKO 腕時計 逆輸入 海外モデ,126344,127054,-710,0.1035,13150,13077
26100095066442,照合OK,クーパン1,2025-02,VICTORINOX(ビクトリノックス) DIVE PRO ,1176696,1183306,-6610,0.1035,122472,121788
3100094479169,照合OK,クーパン2,2025-02,Razer Viper 8K Hz ゲーミングマウス 8倍以,103587,108825,-5238,0.1035,11263,10721
22100090308554,照合OK,クーパン1,2025-01,OM SYSTEM/オリンパス OLYMPUS デジタルカメ,523596,542422,-18826,0.1068,57931,55920
5100117129965,照合OK,クーパン1,2025-06,"
シマノ(SHIMANO) ベイトリール 両軸 19 SLX",146369,146698,-329,0.1073873,15754,15718
25100125795237,照合OK,クーパン1,2025-07,TASCAM(タスカム) iXZ マイク ギターインターフェ,67596,70026,-2430,0.1076677,7540,7278
11100096850616,照合OK,クーパン2,2025-02,Kensington ケンジントン Slimblade Pr,130002,136575,-6573,0.1035,14136,13455
16100125266984,照合OK,クーパン1,2025-07,パナソニック ラジオ FM/AM/ワイドFM対応 シルバー ,50080,51881,-1801,0.1076677,5586,5392
25100119655674,照合OK,クーパン1,2025-06,FLUKE (フルーク) ボルトライト 検電器【国内正規品】,59755,59889,-134,0.1073873,6431,6417
26100094021100,照合OK,クーパン1,2025-02,MG 1/100 ガンダムベース限定 ユニコーンガンダム ペ,196565,197007,-442,0.1035,20390,20345
1100104268016,照合OK,クーパン2,2025-03,ソニー(SONY) ワイヤレスネックバンドスピーカー SRS,128961,133598,-4637,0.1019,13614,13141
3100116548681,照合OK,クーパン2,2025-05,BRIO (ブリオ) WORLD フィギュア付ターンテーブル,36499,36581,-82,0.1045997,3826,3818
27100109129099,照合OK,クーパン1,2025-04,22mm　セイコー　SEIKO　　　　ウレタン　バンド　DA,33589,33777,-188,0.1002988,3388,3369
11100088917042,照合OK,クーパン2,2025-01,【医薬部外品】グレイスワン リンクルケア モイストリペア ジ,33411,33936,-525,0.1068,3624,3568
28100096963347,照合OK,クーパン1,2025-02,シマノ(SHIMANO) スピニングリール 22 ソアレXR,230448,230966,-518,0.1035,23905,23851
18100113169674,照合OK,クーパン1,2025-05,[カシオ] 腕時計 ジーショック 【国内正規品】バイオマスプ,149547,150387,-840,0.1045997,15730,15643
13100119570661,照合OK,クーパン1,2025-06,アイドルタイムプリパラ 夢オールスターライブ! - 3DS,40637,40729,-92,0.1073873,4374,4364
4100096917869,照合OK,クーパン2,2025-02,TORERUNO トレルーノ マウスウォッシュ トゥースウォ,82263,85220,-2957,0.1035,8820,8514
18100098671806,照合OK,クーパン2,2025-02,Razer Viper 8K Hz ゲーミングマウス 8倍以,104931,110236,-5305,0.1035,11409,10860
26100119236624,照合OK,クーパン1,2025-06,MTG マジック：ザ・ギャザリング 機械兵団の進軍 決戦の後,31123,31613,-490,0.1073873,3395,3342
2100106249138,照合OK,クーパン1,2025-04,マークス ペンケース S2 クリザンテーム･ホワイト ポール,35547,35626,-79,0.1002988,3573,3565
19100088381999,照合OK,クーパン1,2025-01,ハクバ HAKUBA レンズフィルター 82mm XC-PR,68717,71188,-2471,0.1068,7603,7339
2100098645627,照合OK,クーパン1,2025-02,TAMASHII NATIONS フィギュアーツZERO ド,49315,49426,-111,0.1035,5116,5104
23100117547479,照合OK,クーパン1,2025-06,TSAR BOMBA 腕時計 メンズ 5気圧防水ラグジュアリ,270943,272465,-1522,0.1073873,29259,29096
12100093467796,照合OK,クーパン2,2025-02,アムウェイ Amway ガラスクリーナー 109859J,33250,33624,-374,0.1035,3480,3441
1100094102390,照合OK,クーパン2,2025-02,貝印 KAI 包丁 ペティナイフ 120mm 木蓮 日本製 ,54139,54260,-121,0.1035,5616,5603
4100088677172,照合OK,クーパン1,2025-01,[カシオ] 腕時計 ジーショック 【国内正規品】日本製 MT,882800,887759,-4959,0.1068,94813,94283
6100114429047,照合OK,クーパン2,2025-05,Razer Viper 8K Hz ゲーミングマウス 8倍以,106373,111751,-5378,0.1045997,11689,11127
28100088691531,照合OK,クーパン1,2025-01,オデッセイ(ODYSSEY) 右用 パター WHITE HO,221468,229928,-8460,0.1068,24556,23653
3100101559787,照合OK,クーパン1,2025-03,プロクソン(PROXXON) ミニサーキュラソウテーブルEX,159524,165259,-5735,0.1019,16840,16255
20100122658878,照合OK,クーパン2,2025-06,[TIMEX(タイメックス)] タイメックス 腕時計 メンズ,257788,259237,-1448,0.1073873,27839,27683
18100112284409,照合OK,クーパン1,2025-05,[SEIKO]セイコー SEIKO5 セイコー5 機械式（自,206418,207577,-1159,0.1045997,21712,21591
18100094744664,照合OK,クーパン1,2025-02,ゴルフスイングトレーニング補助、ゴルフスイングシャツトレーナ,55865,55991,-126,0.1035,5795,5782
15100090085430,照合OK,クーパン1,2025-01,［ Salvatore Marra(サルバトーレマーラ) ］,151024,151873,-849,0.1068,16220,16129
6100119575916,照合OK,クーパン1,2025-06,パイロット メルちゃん お人形セット おせわだいすきハローキ,55696,55821,-125,0.1073873,5994,5981
13100093149785,照合OK,クーパン1,2025-01,M SI マザーボード B550M PRO-VDH WIFI,102893,108211,-5318,0.1068,11557,10989
26100110711003,照合OK,クーパン1,2025-05,Roland ローランド ステレオモニターヘッドホン RH-,94545,97944,-3399,0.1045997,10245,9889
2100113394199,照合OK,クーパン1,2025-05,スパイク(SPEICK) 【日本正規輸入品】メンズ・シェイビ,30358,31449,-1091,0.1045997,3290,3175
23100121237158,照合OK,クーパン2,2025-06,[TRNR] トレイナー アブマット AB MAT 腹筋マッ,77830,78005,-174,0.1073873,8377,8358
27100108104414,照合OK,クーパン2,2025-04,ブラウン Oral-B 電動歯ブラシ用 替えブラシ PRO ,74787,77476,-2689,0.1002988,7771,7501
31100116175615,照合OK,クーパン1,2025-05,ダイワ(DAIWA) 波止釣り・海上釣堀ロッド ILリーガル,137069,137377,-308,0.1045997,14370,14337
20100121781232,照合OK,クーパン1,2025-06,Laifen ライフェン ドライヤー SE 大風量 速乾 ヘ,228810,237037,-8227,0.1073873,25455,24571
29100089060203,照合OK,クーパン1,2025-01,ソニー(SONY) ヘッドホン一体型ウォークマン Wシリーズ,108491,112392,-3901,0.1068,12003,11587
14100105190552,照合OK,クーパン1,2025-04,LEDライトガイド LG-1 (TG-5/TG-6/TG-7,59852,62004,-2152,0.1002988,6219,6003
17100092849781,照合OK,クーパン1,2025-01,仮面ライダーリバイス 変身ベルト DXリバイスドライバー 仮,45506,45608,-102,0.1068,4871,4860
3100096402047,照合OK,クーパン1,2025-02,nanoblock カワダ(Kawada) ナノブロック 盆,23505,23558,-53,0.1035,2438,2433
21100111563552,照合OK,クーパン1,2025-05,ZOOM ズーム P4 ポッドキャストレコーダー シルバー ,161989,167813,-5824,0.1045997,17553,16944
27100092557808,照合OK,クーパン2,2025-01,クリンスイ 浄水器 ポット型 交換用カートリッジ 3個入り ,48496,50240,-1744,0.1068,5366,5179
25100119017497,照合OK,クーパン1,2025-06,【任天堂ライセンス商品】PowerA コントローラー・チャー,32823,34372,-1549,0.1073873,3691,3525
25100112627127,照合OK,クーパン1,2025-05,冷却ジェル パッド イヤーパッド Anker Soundco,36223,37525,-1302,0.1045997,3925,3789
13100113093274,照合OK,クーパン1,2025-05,[セイコーimport]SEIKO 腕時計 逆輸入 海外モデ,131595,132335,-740,0.1045997,13842,13765
1100118685158,照合OK,クーパン1,2025-06,ケンコー サンリオキャラクタートイカメラ(ポチャッコ) DS,69028,73062,-4034,0.1073873,7846,7413
12100097960034,照合OK,クーパン2,2025-02,エプソン EPSON スキャナー DS-360W (シートフ,282326,298821,-16495,0.1035,30928,29221
17100109634554,照合OK,クーパン2,2025-04,【anan掲載×管理栄養士推薦】 ビオメンテ 酪酸菌 サプリ,36721,36886,-165,0.1002988,3700,3683
24100161898201,精算待ち(確定なし),クーパン1,2025-12,プリティーリズム レインボーライブ きらきらマイ☆デザイン,92676,,,0.108625,,10067
32100131619021,精算待ち(確定なし),クーパン1,2025-08,[カシオ] 腕時計 プロトレック 【国内正規品】Hiker ,179798,,,0.1059,,19041
24100160305855,精算待ち(確定なし),クーパン2,2025-12,ソニー CFexpress Type A SDメモリーカード,165576,,,0.108625,,17986
29100155639625,精算待ち(確定なし),クーパン1,2025-11,パナソニック ラジオ FM/AM/ワイドFM対応 シルバー ,50472,,,0.1068876,,5395
1100149647445,精算待ち(確定なし),クーパン1,2025-10,Momcozy M5 搾乳機 電動 着用式コードレスさく乳器,277671,,,0.1076969,,29904
29100127764789,精算待ち(確定なし),クーパン1,2025-07,ヨシカワ 蒸し器 鍋用 18~20cm鍋対応 蒸しプレート ,33695,,,0.1076677,,3628
14100135984693,精算待ち(確定なし),クーパン1,2025-08,HARIO (ハリオ) コーヒーサーバー オリーブウッド 4,38448,,,0.1059,,4072
9100138749421,精算待ち(確定なし),クーパン2,2025-09,SwitchBot スイッチボット リモートボタン ワンタッ,33322,,,0.1054425,,3514
30100159494952,精算待ち(確定なし),クーパン2,2025-12,RG 機動戦士Ζガンダム RX-178 ガンダムMk-II ,52305,,,0.108625,,5682
28100138096074,精算待ち(確定なし),クーパン2,2025-09,ダイワ(DAIWA) エギング専用リール 24エメラルダス ,148737,,,0.1054425,,15683
9100143423644,精算待ち(確定なし),クーパン2,2025-10,TAMASHII NATIONS S.H.モンスターアーツ ,105465,,,0.1076969,,11358
3100139070791,精算待ち(確定なし),クーパン2,2025-09,Google Pixel Buds Pro Coral GA,137825,,,0.1054425,,14533
31100137453026,精算待ち(確定なし),クーパン1,2025-09,[カシオ] 腕時計 ジーショック 【国内正規品】 G-SQU,352440,,,0.1054107,,37151
32100096766033,精算待ち(確定なし),クーパン1,2025-02,Momcozy S12 Pro ハンズフリー電動搾乳機、着用,122161,,,0.1035,,12644
9100139889514,精算待ち(確定なし),クーパン1,2025-09,CASIO [カシオ] デジタル 腕時計 ヴィンテージシリー,148612,,,0.1054107,,15665
31100124283751,精算待ち(確定なし),クーパン2,2025-07,30MF ローザンナイト 色分け済みプラモデル,143112,,,0.1076677,,15409
25100134060690,精算待ち(確定なし),クーパン2,2025-08,リヒトラブ コーデュラ ガジェット ツールポーチ ダブル ペ,34754,,,0.1059,,3681
19100150968242,精算待ち(確定なし),クーパン2,2025-11,シマノ(SHIMANO) レバーブレーキ スピニングリール ,257085,,,0.1068876,,27479
28100124071514,精算待ち(確定なし),クーパン2,2025-07,[カシオ] 腕時計 ジーショック 【国内正規品】アンドレス・,162852,,,0.1076677,,17534
30100146353028,精算待ち(確定なし),クーパン1,2025-10,TOMIX Nゲージ ファーストカーミュージアム JR E2,40406,,,0.1076969,,4352
27100129555111,精算待ち(確定なし),クーパン1,2025-07,パイロット メルちゃん お人形セット おせわだいすきハローキ,55643,,,0.1076677,,5991
32100131537535,精算待ち(確定なし),クーパン1,2025-08,GMKtec ミニpc AMD Ryzen 7 PRO 68,455262,,,0.1059,,48212
15100133950159,精算待ち(確定なし),クーパン2,2025-08,【驚きの頭皮密着設計】MEDULLA(メデュラ) スカルプリ,59692,,,0.1059,,6321
9100136933928,精算待ち(確定なし),クーパン1,2025-09,日本製線 LAN用プラグツール NST88,184061,,,0.1054107,,19402
2100136816201,精算待ち(確定なし),クーパン1,2025-09,FIFINE USBマイク コンデンサーマイク 単一指向性 ,51842,,,0.1054107,,5465
17100152408292,精算待ち(確定なし),クーパン2,2025-11,(純正パーツ) シマノ 22 ステラ 4000XG スプール,178338,,,0.1068876,,19062
23100130857649,精算待ち(確定なし),クーパン1,2025-08,ハセガワ 1/35 建機シリーズ ヤンマー コンバイン YH,34060,,,0.1059,,3607
30100138792010,精算待ち(確定なし),クーパン1,2025-09,ペンタックス PENTAX スマートフォンアダプター V-S,52145,,,0.1054107,,5497
14100136247396,精算待ち(確定なし),クーパン1,2025-08,SwitchBot スイッチボット リモートボタン ワンタッ,33188,,,0.1059,,3515
28100130543471,精算待ち(確定なし),クーパン2,2025-08,シマノ(SHIMANO) スピニングリール 23 ヴァンキッ,456410,,,0.1059,,48334
32100152029895,精算待ち(確定なし),クーパン1,2025-11,ソニー(SONY) ワイヤレスイヤホン WI-C100:Bl,50855,,,0.1068876,,5436
21100125225738,精算待ち(確定なし),クーパン2,2025-07,Kiboer 超音波 トリートメントアイロン 髪質改善 浸透,114766,,,0.1076677,,12357
9100149829461,精算待ち(確定なし),クーパン2,2025-11,【国内正規品】StriVectin ストリベクチン エイジン,47482,,,0.1068876,,5075
25100126818519,精算待ち(確定なし),クーパン1,2025-07,【正規輸入品】ロイヤルコペンハーゲン ホワイトフルーテッド ,77332,,,0.1076677,,8326
7100133070375,精算待ち(確定なし),クーパン1,2025-08,純正パーツ 18 ソアレ BB C2000SSPG ハンドル,37051,,,0.1059,,3924
31100141274977,精算待ち(確定なし),クーパン1,2025-09,ソニー(SONY) コンデンサーマイク モノラル/電話録音用,28818,,,0.1054107,,3038
21100140072880,精算待ち(確定なし),クーパン1,2025-09,メディコム・トイ(MEDICOM TOY) MAFEX マフ,88617,,,0.1054107,,9341
17100156745634,精算待ち(確定なし),クーパン1,2025-12,富士フイルム(FUJIFILM) ”チェキ” instax ,45328,,,0.108625,,4924
4100147012042,精算待ち(確定なし),クーパン1,2025-10,ダイワ(DAIWA) ロックフィッシュロッド HRF 83M,193130,,,0.1076969,,20800
32100130526089,精算待ち(確定なし),クーパン1,2025-08,MODEROID 太陽の使者 鉄人28号 ノンスケール 組み,77822,,,0.1059,,8241
32100137053648,精算待ち(確定なし),クーパン1,2025-09,HUAWEI FreeBuds 6i ワイヤレスイヤホン B,94500,,,0.1054107,,9961
15100149954883,精算待ち(確定なし),クーパン2,2025-10,NITTO(日東工器) スーパーハンド ASH-900,822716,,,0.1076969,,88604
27100134430319,精算待ち(確定なし),クーパン1,2025-08,オーディオテクニカ ATH-AC5TW オープンイヤー型 ワ,113155,,,0.1059,,11983
24100158049745,精算待ち(確定なし),クーパン2,2025-12,WOMBAROO(ウォンバルー) ハイプロテインサプリメント,104370,,,0.108625,,11337
30100137310959,精算待ち(確定なし),クーパン1,2025-09,DJI Ronin 4D 映像トランスミッター 黒,258162,,,0.1054107,,27213
18100148263227,精算待ち(確定なし),クーパン1,2025-10,オーム(OHM) AudioComm 集音器 充電式 ブラッ,34523,,,0.1076969,,3718
22100149274299,精算待ち(確定なし),クーパン1,2025-11,スナッグゴルフ スナッガズー 【国内正規品】 SNAG GO,53631,,,0.1068876,,5733
10100138998894,精算待ち(確定なし),クーパン1,2025-09,ポケモンカードゲーム ソード＆シールド ハイクラスパック シ,165789,,,0.1054107,,17476
28100137034329,精算待ち(確定なし),クーパン1,2025-09,日本製線 LAN用プラグツール NST88,184114,,,0.1054107,,19408
4100145078529,精算待ち(確定なし),クーパン2,2025-10,AbuGarcia (アブガルシア) Revo SP Bea,147322,,,0.1076969,,15866
27100140953752,精算待ち(確定なし),クーパン1,2025-09,妖怪ウォッチ3 スシ/テンプラ バスターズTパック - 3D,82307,,,0.1054107,,8676
24100129447281,精算待ち(確定なし),クーパン1,2025-07,Akeyda 単眼鏡 美術館 4x12 美術館用単眼鏡 単眼,51362,,,0.1076677,,5530
12100141955286,精算待ち(確定なし),クーパン1,2025-09,ZOOM ズーム CBG-6 キャリングバッグ ブラック 黒,65575,,,0.1054107,,6912
4100125148012,精算待ち(確定なし),クーパン2,2025-07,Kiboer 超音波トリートメント アイロン トリートメント,118112,,,0.1076677,,12717
11100130149529,精算待ち(確定なし),クーパン1,2025-07,HUAWEI Eyewear 2 オーディオグラス オープン,247625,,,0.1076677,,26661
28100134588439,精算待ち(確定なし),クーパン2,2025-08,nwm(ヌーム) ワイヤレス ヘッドホン オープンイヤー型 ,315541,,,0.1059,,33416
26100143879136,精算待ち(確定なし),クーパン1,2025-10,[セイコーウオッチ] 自動巻き腕時計 ルキア Essenti,430591,,,0.1076969,,46373
8100144838901,精算待ち(確定なし),クーパン1,2025-10,HG 1/144 MS-06J ザクII (機動戦士ガンダム,42720,,,0.1076969,,4601
10100134231519,精算待ち(確定なし),クーパン1,2025-08,ブリタ 携帯型浄水器 fill&go Active ピンク ,27305,,,0.1059,,2892
4100144669269,精算待ち(確定なし),クーパン1,2025-10,Momcozy M5 搾乳機 電動 着用式コードレスさく乳器,198977,,,0.1076969,,21429
5100148461610,精算待ち(確定なし),クーパン2,2025-10,シーガルフォー (Seagull IV) 浄水器 旧シーガル,180679,,,0.1076969,,19459
2025020449052241,精算待ち(確定なし),クーパン1,2025-02,[カシオ] 腕時計 ジーショック 【国内正規品】Blueto,1113944,,,0.1035,,115293
27100123521615,精算待ち(確定なし),クーパン2,2025-07,オールインワンEAA BCAA クレアチン グルタミン クエ,68299,,,0.1076677,,7354
24100158943730,精算待ち(確定なし),クーパン1,2025-12,OLYMPUS 単焦点レンズ M.ZUIKO DIGITAL,257174,,,0.108625,,27936
19100159056356,精算待ち(確定なし),クーパン1,2025-12,SHURE シュア ダイナミックマイク SM7dB プリアン,606731,,,0.108625,,65906
5100146800070,精算待ち(確定なし),クーパン1,2025-10,GUNDAM THE 3D BATTLE - 3DS,82610,,,0.1076969,,8897
3100137043427,精算待ち(確定なし),クーパン2,2025-08,共立電気計器 デジタルマルチメータ 1009,74235,,,0.1059,,7861
19100144246533,精算待ち(確定なし),クーパン1,2025-10,プリティーリズム マイ☆デコレインボーウエディング(限定レア,47090,,,0.1076969,,5071
21100162251627,精算待ち(確定なし),クーパン2,2025-12,マジックマウンテン(MAGIC MOUNTAIN) バッグ ,57236,,,0.108625,,6217
11100153884473,精算待ち(確定なし),クーパン2,2025-11,Anker Prime Power Bank (12000m,77421,,,0.1068876,,8275
3100155579205,精算待ち(確定なし),クーパン1,2025-11,TSAR BOMBA 腕時計 メンズ ビジネス 50M防水 ,317819,,,0.1068876,,33971
14100147353723,精算待ち(確定なし),クーパン2,2025-10,BANDAI SDガンダム BB戦士 ガンダムベース限定 ユ,43503,,,0.1076969,,4685
28100141105188,精算待ち(確定なし),クーパン1,2025-09,ラダイト スティックペンケース 革製 レッド LDK-SPN,31150,,,0.1054107,,3284
3100156426841,精算待ち(確定なし),クーパン2,2025-11,breo アイウォーマー ホット アイマスク 充電式 USB,61588,,,0.1068876,,6583
25100129199602,精算待ち(確定なし),クーパン2,2025-07,ソニー(SONY) ポータブルスピーカー SRS-XB13 ,59577,,,0.1076677,,6414
2100158189673,精算待ち(確定なし),クーパン1,2025-12,ASUS ゲーミングマウス ワイヤレス ROG Gladiu,133108,,,0.108625,,14459
12100141924186,精算待ち(確定なし),クーパン1,2025-09,パナソニック ラジオ FM/AM/ワイドFM対応 シルバー ,50418,,,0.1054107,,5315
12100143183873,精算待ち(確定なし),クーパン1,2025-09,プリティーリズム マイ☆デコレインボーウエディング(限定レア,46698,,,0.1054107,,4923
6100140033570,精算待ち(確定なし),クーパン2,2025-09,スーパー戦隊シリーズ 海賊戦隊ゴーカイジャー VOL.3 [,46956,,,0.1054425,,4951
1100131495033,精算待ち(確定なし),クーパン1,2025-08,ヤーマン 美顔器 フォトプラス EX スムースS 低刺激モデ,315906,,,0.1059,,33454
21100148991642,精算待ち(確定なし),クーパン1,2025-10,グルマンディーズ ちいかわ MagSafe 対応 メタルステ,30082,,,0.1076969,,3240
32100145266732,精算待ち(確定なし),クーパン2,2025-10,ダイワ(DAIWA) 磯用レバーブレーキリール 23シグナス,205617,,,0.1076969,,22144
16100131029873,精算待ち(確定なし),クーパン1,2025-08,BRIO 列車車庫 33574,36419,,,0.1059,,3857
24100160766558,精算待ち(確定なし),クーパン2,2025-12,シマノ(SHIMANO) スピニングリール 25ツインパワー,438298,,,0.108625,,47610
15100137458644,精算待ち(確定なし),クーパン1,2025-09,プリティーリズム マイ☆デコレインボーウエディング(限定レア,51335,,,0.1054107,,5411
19100145271533,精算待ち(確定なし),クーパン2,2025-10,HG 1/144 ガンダムベース限定 百式 [ゴールドコーテ,69473,,,0.1076969,,7482
32100128032126,精算待ち(確定なし),クーパン1,2025-07,K&F Concept 40.5mm 可変NDフィルター N,44073,,,0.1076677,,4745
1100156948344,精算待ち(確定なし),クーパン1,2025-12,TSAR BOMBA 腕時計 メンズ うでメンズ 5気圧防水,401328,,,0.108625,,43594
16100145884224,精算待ち(確定なし),クーパン1,2025-10,OM SYSTEM/オリンパス Tough TG-7 ﾌﾞﾗ,567553,,,0.1076969,,61124
11100148504418,精算待ち(確定なし),クーパン1,2025-10,XXIO ELEVEN ゼクシオ イレブン MP1100用 ,45070,,,0.1076969,,4854
12100156007448,精算待ち(確定なし),クーパン2,2025-11,XGIMI HORIZON S Max 4K プロジェクター,1865396,,,0.1068876,,199388
3100160954433,精算待ち(確定なし),クーパン1,2025-12,仮面ライダーガッチャード DXクロスホッパー＆テンライナー,36864,,,0.108625,,4004
31100131333783,精算待ち(確定なし),クーパン2,2025-08,シマノ(SHIMANO) レバーブレーキ スピニングリール ,286055,,,0.1059,,30293
30100160098629,精算待ち(確定なし),クーパン2,2025-12,Hisamitsu 乳酸菌EC-12 1g ×61袋 1兆個,76629,,,0.108625,,8324
4100139845560,精算待ち(確定なし),クーパン1,2025-09,HUAWEI(ファーウェイ)HUAWEI WATCH D2 ,463948,,,0.1054107,,48905
20100126754908,精算待ち(確定なし),クーパン1,2025-07,コロンバスサークル（MD用互換機）IPS 16ビットポケット,137950,,,0.1076677,,14853
4100135047201,精算待ち(確定なし),クーパン1,2025-08,リアルロボットレヴォリューション 1/48 SPTレイズナー,74733,,,0.1059,,7914
22100142444628,精算待ち(確定なし),クーパン1,2025-09,ZOOM ズーム PCH-6 H6essential用プロテ,50383,,,0.1054107,,5311
32100146933286,精算待ち(確定なし),クーパン2,2025-10,ソニー(SONY) ワイヤレスネックバンドスピーカー SRS,127982,,,0.1076969,,13783
9100150512313,精算待ち(確定なし),クーパン2,2025-11,Obagi(オバジ) C25 セラムネオ 12ml,115228,,,0.1068876,,12316
32100126921953,精算待ち(確定なし),クーパン1,2025-07,[カシオ] 腕時計 ジーショック 【国内正規品】 G-SQU,286277,,,0.1076677,,30823
20100130382802,精算待ち(確定なし),クーパン1,2025-08,HUAWEI WATCH GT 5 Pro 46mm スマー,376087,,,0.1059,,39828
8100136329518,精算待ち(確定なし),クーパン1,2025-08,SEIKO セイコー クオーツメトロノーム SQ200,65317,,,0.1059,,6917
29100128816956,精算待ち(確定なし),クーパン2,2025-07,通販エレキバンＭＡＸ２００　２４粒入 × 3個セット,48621,,,0.1076677,,5235
7100136201396,精算待ち(確定なし),クーパン2,2025-08,メルちゃん お人形セット ハローキティネネちゃん,67240,,,0.1059,,7121
32100150618151,精算待ち(確定なし),クーパン2,2025-11,フィリップス ハンディガン ボディシェイプガン コードレス ,91501,,,0.1068876,,9780
28100156739065,精算待ち(確定なし),クーパン1,2025-12,マテル ジュラシックワールド(JURASSIC WORLD),41696,,,0.108625,,4529
19100154266072,精算待ち(確定なし),クーパン1,2025-11,HUAWEI WATCH GT 4 46mm ゴルフナビ搭載,186161,,,0.1068876,,19898
17100154687429,精算待ち(確定なし),クーパン2,2025-11,山崎実業(Yamazaki) テレビ裏収納ラック ブラック ,56079,,,0.1068876,,5994
21100144078254,精算待ち(確定なし),クーパン2,2025-10,綺和美 KIWABI 育毛剤 スカルプマッサージヘアエッセン,78988,,,0.1076969,,8507
1100159221224,精算待ち(確定なし),クーパン1,2025-12,[カシオ] CASIO メンズ 腕時計【G-SHOCK】スカ,389882,,,0.108625,,42351
3100161759263,精算待ち(確定なし),クーパン2,2025-12,くらしリズム メディカル ミヤリサン製薬 ミヤフローラEX ,37576,,,0.108625,,4082
27100135796789,精算待ち(確定なし),クーパン2,2025-08,Philips(フィリップス) Norelco OneBla,72259,,,0.1059,,7652
12100128348571,精算待ち(確定なし),クーパン1,2025-07,セコニック 露出計 スピードマスター L-858D,736662,,,0.1076677,,79315
28100131865263,精算待ち(確定なし),クーパン1,2025-08,【任天堂ライセンス商品】PowerA コントローラー・チャー,30999,,,0.1059,,3283
23100140390912,精算待ち(確定なし),クーパン1,2025-09,HyperX Cloud Stinger Coreワイヤレス,82058,,,0.1054107,,8650
6100126632931,精算待ち(確定なし),クーパン1,2025-07,HGUC 1/144 MSM-08 ゾゴック (ユニコーンV,48567,,,0.1076677,,5229
18100145771777,精算待ち(確定なし),クーパン1,2025-10,ダイワ(DAIWA) ベイトリール 23SALTIST TW,299610,,,0.1076969,,32267
23100146559017,精算待ち(確定なし),クーパン2,2025-10,パイロット 万年筆 キャップレスフェルモ FCF2MRBM ,229371,,,0.1076969,,24703
7100156915950,精算待ち(確定なし),クーパン1,2025-12,Ulanzi LEDビデオライト 撮影用ライト Type-C,33046,,,0.108625,,3590
32100134253500,精算待ち(確定なし),クーパン1,2025-08,パイロット メルちゃん お人形セット おせわだいすきハローキ,54254,,,0.1059,,5746
30100151253660,精算待ち(確定なし),クーパン1,2025-11,HUAWEI WATCH GT 4 46mm ゴルフナビ搭載,182913,,,0.1068876,,19551
8100161190999,精算待ち(確定なし),クーパン1,2025-12,Sondery 電子メトロノーム 人声 大音量 デジタル ギ,42106,,,0.108625,,4574
5100141790365,精算待ち(確定なし),クーパン1,2025-09,[セイコーimport]SEIKO 腕時計 逆輸入 海外モデ,138279,,,0.1054107,,14576
6100135521914,精算待ち(確定なし),クーパン1,2025-08,〔セイコー〕SEIKO 時計バンド ベルト19mm DX60,32156,,,0.1059,,3405
20100127422582,精算待ち(確定なし),クーパン1,2025-07,仮面ライダーエグゼイド 双刃烈破 DXガシャコンスパロー,76504,,,0.1076677,,8237
5100133793081,精算待ち(確定なし),クーパン1,2025-08,SONY(ソニー) マウントアダプター LA-EA5,204451,,,0.1059,,21651
6100125754700,精算待ち(確定なし),クーパン2,2025-07,SANWA(三和電気計器) デジタルテスター CD732,92035,,,0.1076677,,9909
5100146646368,精算待ち(確定なし),クーパン2,2025-10,貝印(Kai Corporation) KAI 包丁 スタン,43797,,,0.1076969,,4717
4100124982146,精算待ち(確定なし),クーパン2,2025-07,［ タヴァティー公式 ］ホワイトニング 歯磨き粉【 歯を白く,89338,,,0.1076677,,9619
25100139357444,精算待ち(確定なし),クーパン2,2025-09,PENTAX 双眼鏡 UP 8x21 ネイビー 【野鳥観察】,82734,,,0.1054425,,8724
25100137314661,精算待ち(確定なし),クーパン2,2025-09,ダイワ(DAIWA) エギング専用リール 24エメラルダス ,149404,,,0.1054425,,15754
5100133616241,精算待ち(確定なし),クーパン1,2025-08,メデラ 乳頭保護器 ブレストシェル 2個入り 炎症や亀裂を発,37540,,,0.1059,,3976
1100153029485,精算待ち(確定なし),クーパン2,2025-11,ハイキュー!! Cross team match! - 3D,55224,,,0.1068876,,5903
25100139265765,精算待ち(確定なし),クーパン1,2025-09,ダイワ(DAIWA) スピニングリール(糸付き) 16 ジョ,32022,,,0.1054107,,3375
30100134681779,精算待ち(確定なし),クーパン1,2025-08,シャオミ(Xiaomi) スマートウォッチ Redmi Wa,48736,,,0.1059,,5161
14100143798656,精算待ち(確定なし),クーパン1,2025-10,ＲＧ 1/144 アカツキガンダム用シラヌイパック & ＨＧ,79121,,,0.1076969,,8521
20100146976102,精算待ち(確定なし),クーパン2,2025-10,資生堂クレ・ド・ポーボーテ クレームUV n 50g SPF,111802,,,0.1076969,,12041
8100139141088,精算待ち(確定なし),クーパン1,2025-09,ブッシュネル（Bushnell） レーザー距離計 ピンシーカ,331899,,,0.1054107,,34986
29100158267233,精算待ち(確定なし),クーパン1,2025-12,[HAMILTON(ハミルトン)] ハミルトン メンズ 腕時,435290,,,0.108625,,47283
22100145205800,精算待ち(確定なし),クーパン1,2025-10,スパイク(SPEICK) 【日本正規輸入品】メンズ・シェイビ,29877,,,0.1076969,,3218
21100155947090,精算待ち(確定なし),クーパン1,2025-11,Coleman(コールマン) クッカー パックアウェイ ソロ,61846,,,0.1068876,,6611
16100137279105,精算待ち(確定なし),クーパン2,2025-08,【国内正規品】StriVectin ストリベクチン エイジン,51175,,,0.1059,,5419
23100134537015,精算待ち(確定なし),クーパン2,2025-08,オーディオテクニカ ATH-CKS50TW BK ワイヤレス,126255,,,0.1059,,13370
6100151492180,精算待ち(確定なし),クーパン2,2025-11,DOD(ディーオーディー) キャンパーノ・サギョーギ ポリコ,54156,,,0.1068876,,5789
31100131771817,精算待ち(確定なし),クーパン1,2025-08,【VGP2024】Edifier W830NB ワイヤレスノ,85137,,,0.1059,,9016
7100127382276,精算待ち(確定なし),クーパン1,2025-07,コイズミ ヘアドライヤー イオンバランス サロンセンス 30,76852,,,0.1076677,,8274
14100111671779,精算待ち(確定なし),クーパン1,2025-05,AKASO アクションカメラ【Brave 7】 専用フレーム,32476,,,0.1045997,,3397
5100128972928,精算待ち(確定なし),クーパン2,2025-07,ダイワ(DAIWA) エギング専用リール 24エメラルダス ,145782,,,0.1076677,,15696
4100134734145,精算待ち(確定なし),クーパン2,2025-08,Razer Viper 8K Hz ゲーミングマウス 8倍以,106373,,,0.1059,,11265
28100131448731,精算待ち(確定なし),クーパン2,2025-08,[カシオ] 腕時計 ジーショック 【国内正規品】タフソーラー,161143,,,0.1059,,17065
6100160234594,精算待ち(確定なし),クーパン1,2025-12,ZOOM XLR ダイナミックマイク 配信用 ボーカル ゲー,75766,,,0.108625,,8230
26100147514850,精算待ち(確定なし),クーパン1,2025-10,お面 仮面ライダー1号&V3とショッカーの3種セット コスプ,31996,,,0.1076969,,3446
1100135199063,精算待ち(確定なし),クーパン2,2025-08,ブラウン 替刃 シリーズ7 シェーバー 73S F/C73S,64525,,,0.1059,,6833
26100130384376,精算待ち(確定なし),クーパン2,2025-08,ソニー(SONY) ポータブルスピーカー SRS-XB13 ,62300,,,0.1059,,6598
6100129644168,精算待ち(確定なし),クーパン1,2025-07,"
AbuGarcia (アブガルシア) トラウティンマーキス",130768,,,0.1076677,,14079
28100140649940,精算待ち(確定なし),クーパン2,2025-09,【歯科協会推薦】Oclean W10 ウォーターフロッサー ,36686,,,0.1054425,,3868
23100143445705,精算待ち(確定なし),クーパン2,2025-09,Schick(シック) ハイドロ5プレミアム 敏感肌 コンボ,33749,,,0.1054425,,3559
28100161726368,精算待ち(確定なし),クーパン1,2025-12,【医療メーカーが作るサポーターブランド】メディエイド フィッ,38288,,,0.108625,,4159
22100126964716,精算待ち(確定なし),クーパン1,2025-07,S.H.フィギュアーツ SHY シャイ 約125mm ABS,58767,,,0.1076677,,6327
29100131396128,精算待ち(確定なし),クーパン1,2025-08,Sondery 電子メトロノーム 人声 大音量 デジタル ギ,40922,,,0.1059,,4334
28100126647120,精算待ち(確定なし),クーパン1,2025-07,仮面ライダー555（ファイズ） 20th パラダイス・リゲイ,178694,,,0.1076677,,19240
5100161848135,精算待ち(確定なし),クーパン1,2025-12,Nikon ドットサイト DF-M1 ニコン一眼レフ・Z・P,143557,,,0.108625,,15594
4100152168870,精算待ち(確定なし),クーパン1,2025-11,ZOOM ズーム CBG-6 キャリングバッグ ブラック セ,65887,,,0.1068876,,7042
16100128832926,精算待ち(確定なし),クーパン2,2025-07,Kensington ケンジントン Slimblade Pr,139276,,,0.1076677,,14996
25100151351420,精算待ち(確定なし),クーパン1,2025-11,Canon コンパクトデジタルカメラ PowerShot Z,281721,,,0.1068876,,30112
32100136644849,精算待ち(確定なし),クーパン1,2025-08,ACTIVO CT10 [Cool White] ハイレゾ対,176620,,,0.1059,,18704
2100153513033,精算待ち(確定なし),クーパン1,2025-11,ジョビー(JOBY) カメラ三脚 ミニ三脚 ゴリラポッド マ,32716,,,0.1068876,,3497
3100134464391,精算待ち(確定なし),クーパン2,2025-08,NITTO(日東工器) スーパーハンド ASH-900,822324,,,0.1059,,87084
11100129088385,精算待ち(確定なし),クーパン1,2025-07,HUAWEI Eyewear 2 オーディオグラス オープン,246655,,,0.1076677,,26557
11100148060402,精算待ち(確定なし),クーパン2,2025-10,レキシリス.ブラック スカルプローション (100ｍL) ヘ,51754,,,0.1076969,,5574
24100132393761,精算待ち(確定なし),クーパン1,2025-08,ＲＧ 1/144 アカツキガンダム用シラヌイパック & ＨＧ,93005,,,0.1059,,9849
21100140179360,精算待ち(確定なし),クーパン1,2025-09,トランスフォーマー マスターピースGシリーズ MPG-04 ,133447,,,0.1054107,,14067
6100148819967,精算待ち(確定なし),クーパン1,2025-10,ZOOM ズーム ZDM-1 ダイナミックマイク ブラック ,75267,,,0.1076969,,8106
1100157920157,精算待ち(確定なし),クーパン2,2025-12,【Amazon.co.jp限定】 東レ トレビーノ 浄水ポッ,54050,,,0.108625,,5871
21100149549442,精算待ち(確定なし),クーパン1,2025-10,ウルトラ怪獣アドバンス ニジカガチ＆アースガロン Mod.2,30928,,,0.1076969,,3331
22100132178856,精算待ち(確定なし),クーパン2,2025-08,[TUAHOUS] ディズニー ハロウィン コスプレ 人魚姫,34541,,,0.1059,,3658
10100134786364,精算待ち(確定なし),クーパン1,2025-08,（ケースのみ）シャオミ Xiaomi サウンドアウトドア B,29886,,,0.1059,,3165
5100153814075,精算待ち(確定なし),クーパン2,2025-11,マテル ジュラシックワールド(JURASSIC WORLD),55634,,,0.1068876,,5947
14100131027631,精算待ち(確定なし),クーパン1,2025-08,ゲーム感覚で学べる～ はじめての聴音【使用ガイド】【CD2枚,35760,,,0.1059,,3787
14100137313115,精算待ち(確定なし),クーパン2,2025-09,共立電気計器 KYORITSU デジタルマルチメータ(ペンタ,61579,,,0.1054425,,6493
10100125734057,精算待ち(確定なし),クーパン2,2025-07,スター・ウォーズ ハン・ソロ ストームトルーパーVer. 1,77510,,,0.1076677,,8345
30100148927738,精算待ち(確定なし),クーパン1,2025-10,Newニンテンドー3DS LL ライム×ブラック,373506,,,0.1076969,,40225
12100139737114,精算待ち(確定なし),クーパン1,2025-09,スター・ウォーズ ブラックシリーズ 6インチ アクションフィ,49591,,,0.1054107,,5227
31100127943560,精算待ち(確定なし),クーパン1,2025-07,HGBF 1/144 クロスボーンガンダム X1 フルクロス,51602,,,0.1076677,,5556
15100162605492,精算待ち(確定なし),クーパン1,2025-12,ピービーテイルズ ワイヤレス ゲームパッド コントローラー ,61107,,,0.108625,,6638
8100144110918,精算待ち(確定なし),クーパン1,2025-10,[TIMEX(タイメックス)タイメックス 腕時計 ユニセック,252769,,,0.1076969,,27222
25100137340658,精算待ち(確定なし),クーパン2,2025-09,[カシオ] 腕時計 ジーショック 【国内正規品】 FUTUR,200837,,,0.1054425,,21177
24100141497375,精算待ち(確定なし),クーパン1,2025-09,マテル ジュラシックワールド(JURASSIC WORLD),44251,,,0.1054107,,4665
7100132722728,精算待ち(確定なし),クーパン1,2025-08,[セイコーウオッチ] 腕時計 セイコー セレクション クオー,181658,,,0.1059,,19238
23100144532762,精算待ち(確定なし),クーパン2,2025-10,ニッタク(Nittaku) 卓球 ラケット アコースティック,144874,,,0.1076969,,15603
14100160162072,精算待ち(確定なし),クーパン1,2025-12,Roland ローランド AIRACOMPACTビートマシン,224316,,,0.108625,,24366
28100154901864,精算待ち(確定なし),クーパン2,2025-11,TOMIX Nゲージ JR 189系 あずさ グレードアップ,180804,,,0.1068876,,19326
11100140475346,精算待ち(確定なし),クーパン2,2025-09,[ 強化ガラス素材 ] TALONGAMES マウスソール ,39863,,,0.1054425,,4203
10100150374556,精算待ち(確定なし),クーパン1,2025-11,ＲＧ 1/144 アカツキガンダム用シラヌイパック & ＨＧ,77359,,,0.1068876,,8269
16100155505749,精算待ち(確定なし),クーパン1,2025-11,BANDAI HGUC 1/144 ゼータガンダム(ウェイブ,96707,,,0.1068876,,10337
6100135811674,精算待ち(確定なし),クーパン2,2025-08,ダイワ(DAIWA) エギング専用リール 24エメラルダス ,148105,,,0.1059,,15684
23100155012470,精算待ち(確定なし),クーパン2,2025-11,ブリーズライト スタンダード レギュラー 30枚 3個パック,47214,,,0.1068876,,5047
28100161651631,精算待ち(確定なし),クーパン1,2025-12,カシオ CASIO G-SHOCK Gショック 腕時計 メン,158286,,,0.108625,,17194
28100146756829,精算待ち(確定なし),クーパン1,2025-10,アイリスオーヤマ コードレススティッククリーナー 掃除機 自,132557,,,0.1076969,,14276
27100150083740,精算待ち(確定なし),クーパン2,2025-11,tectectec テックテックテック ゴルフ GPS距離計,53106,,,0.1068876,,5676
17100157973254,精算待ち(確定なし),クーパン1,2025-12,SHURE MV5用デスクマイクスタンド AMV5DS ,31355,,,0.108625,,3406
11100148934307,精算待ち(確定なし),クーパン2,2025-10,30MF ローザンナイト 色分け済みプラモデル,41189,,,0.1076969,,4436
5100125485372,精算待ち(確定なし),クーパン2,2025-07,Noble Audio FALCON MAX NOB-FAL,176024,,,0.1076677,,18952
25100144035881,精算待ち(確定なし),クーパン1,2025-10,ブラウン オーラルB D6015253P,115317,,,0.1076969,,12419
3100150929006,精算待ち(確定なし),クーパン1,2025-11,ラディウス radius ディープマウントイヤーピース : ,27376,,,0.1068876,,2926
22100150048599,精算待ち(確定なし),クーパン1,2025-11,レコルト スマイルベイカーミニ RSM-2 recolte ,29548,,,0.1068876,,3158
11100150982429,精算待ち(確定なし),クーパン1,2025-11,OM SYSTEM/オリンパス レンズキャップ LC-62G,26700,,,0.1068876,,2854
23100151173020,精算待ち(確定なし),クーパン2,2025-11,ソニー(SONY) ポータブルスピーカー SRS-XB13 ,64774,,,0.1068876,,6924
29100157746730,精算待ち(確定なし),クーパン2,2025-12,三菱ケミカル・クリンスイ クリンスイ 浄水器 ポット型 カー,93236,,,0.108625,,10128
9100155372415,精算待ち(確定なし),クーパン2,2025-11,ジョイパレット アンパンマン おでんもうどんもつくっちゃお!,62247,,,0.1068876,,6653
18100149031668,精算待ち(確定なし),クーパン1,2025-10,デロンギ コーヒーマシン用除石灰剤 100ml×2本 deL,29682,,,0.1076969,,3197
31100141056790,精算待ち(確定なし),クーパン1,2025-09,ブッシュネル（Bushnell） レーザー距離計 ピンシーカ,333812,,,0.1054107,,35187
9100148240780,精算待ち(確定なし),クーパン2,2025-10,[セイコーウォッチ] 腕時計 セイコー セレクション クオー,186135,,,0.1076969,,20046
20100154154838,精算待ち(確定なし),クーパン2,2025-11,くらしリズム メディカル ミヤリサン製薬 ミヤフローラEX ,37300,,,0.1068876,,3987
32100138388702,精算待ち(確定なし),クーパン2,2025-09,DR.WU (ドクターウー) マンデル酸 18% ピーリング,48736,,,0.1054425,,5139
5100149753873,精算待ち(確定なし),クーパン2,2025-11,SONY 8型液晶ポータブルDVDプレーヤー DVP-FX8,182655,,,0.1068876,,19524
1100146487218,精算待ち(確定なし),クーパン1,2025-10,Noritake ノリタケ ティー カップ & ソーサー 1,46796,,,0.1076969,,5040
17100155020676,精算待ち(確定なし),クーパン1,2025-11,HIOKI (日置電機) 接続ケーブル L4930,30296,,,0.1068876,,3238
28100152627174,精算待ち(確定なし),クーパン2,2025-11,マテル ジュラシックワールド(JURASSIC WORLD),52136,,,0.1068876,,5573
16100137258818,精算待ち(確定なし),クーパン2,2025-08,Lekufee 防水ハードキャリングケース DJI Mavi,141457,,,0.1059,,14980
30100148530629,精算待ち(確定なし),クーパン2,2025-10,Philips(フィリップス) Norelco OneBla,67480,,,0.1076969,,7267
20100155604537,精算待ち(確定なし),クーパン1,2025-11,ZOOM ズーム H1essential ハンディレコーダー,121983,,,0.1068876,,13039
10100147670841,精算待ち(確定なし),クーパン1,2025-10,マキタ(Makita) 充電式ペンドライバドリル(黒)本体の,91839,,,0.1076969,,9891
26100139095898,精算待ち(確定なし),クーパン2,2025-09,ダイワ(DAIWA) 磯用レバーブレーキリール 23シグナス,205617,,,0.1054425,,21681
27100138527870,精算待ち(確定なし),クーパン1,2025-09,マイクブームアーム マイクスタンド コンデンサー マイク用 ,53106,,,0.1054107,,5598
29100158455005,精算待ち(確定なし),クーパン1,2025-12,リボルテックヤマグチ No.77 劇中カラー版 エヴァンゲリ,70808,,,0.108625,,7692
16100153663044,精算待ち(確定なし),クーパン1,2025-11,MIZUNO(ミズノ) パークゴルフ クラブ PG511L ,265941,,,0.1068876,,28426
28100157127402,精算待ち(確定なし),クーパン2,2025-12,ソニー CFexpress Type A SDメモリーカード,160360,,,0.108625,,17419
25100132191160,精算待ち(確定なし),クーパン1,2025-08,JVCケンウッド Victor HA-FX150T-NA ワ,178659,,,0.1059,,18920
1100143544444,精算待ち(確定なし),クーパン2,2025-09,Philips(フィリップス) Norelco OneBla,75525,,,0.1054425,,7964
22100156534073,精算待ち(確定なし),クーパン1,2025-12,機動戦士ガンダムNT (4K ULTRA HD Blu-ra,63671,,,0.108625,,6916
29100125284913,精算待ち(確定なし),クーパン2,2025-07,Medela(メデラ) カーム 授乳システム | メデラの母,36490,,,0.1076677,,3929
7100144508348,精算待ち(確定なし),クーパン1,2025-10,[ReliBeauty] 王子様 コスプレ 衣装 子供 ハロ,48986,,,0.1076969,,5276
21100149213865,精算待ち(確定なし),クーパン2,2025-10,【国内正規品】StriVectin ストリベクチン エイジン,48167,,,0.1076969,,5187
27100132294261,精算待ち(確定なし),クーパン1,2025-08,マテル ジュラシックワールド(JURASSIC WORLD),42729,,,0.1059,,4525
26100159186548,精算待ち(確定なし),クーパン2,2025-12,【第二代 新登場】PREXISO レーザー距離計 電子距離計,52884,,,0.108625,,5745
27100159822843,精算待ち(確定なし),クーパン2,2025-12,エバーカラーワンデー ルクアージュ 30枚 エアリーブラウン,51398,,,0.108625,,5583
13100111372277,精算待ち(確定なし),クーパン2,2025-05,ノースウェイスポーツ Northway Sports パーク,141154,,,0.1045997,,14765
11100145833552,精算待ち(確定なし),クーパン1,2025-10,カトージ 木製ハイチェア Easy-sit ホワイトウォッシ,298488,,,0.1076969,,32146
22100113830960,精算待ち(確定なし),クーパン2,2025-05,デノン Denon AHC830NCW ノイズキャンセル機能,126887,,,0.1045997,,13272
26100157411424,精算待ち(確定なし),クーパン1,2025-12,ＲＧ 1/144 アカツキガンダム用シラヌイパック & ＨＧ,79076,,,0.108625,,8590
19100138659961,精算待ち(確定なし),クーパン1,2025-09,PYKES PEAK（パイクスピーク） ゴルフ キャディバッ,137897,,,0.1054107,,14536
19100159493032,精算待ち(確定なし),クーパン1,2025-12,[セイコーウオッチ]SEIKO SELECTION(セイコー,328232,,,0.108625,,35654
19100133870905,精算待ち(確定なし),クーパン1,2025-08,watona ラミネート ペンケース がま口 Alice (,39169,,,0.1059,,4148
16100135730892,精算待ち(確定なし),クーパン1,2025-08,HUAWEI WATCH FIT2 スマートウォッチ 心拍計,147927,,,0.1059,,15665
17100131856297,精算待ち(確定なし),クーパン2,2025-08,マテル(MATTEL) ジュラシックワールド(JURASSI,63163,,,0.1059,,6689
20100147224681,精算待ち(確定なし),クーパン1,2025-10,サンコー おひとりさま用超高速弁当箱炊飯器 TKFCLBRC,79263,,,0.1076969,,8536
5100159918171,精算待ち(確定なし),クーパン2,2025-12,マテル ジュラシックワールド(JURASSIC WORLD),55883,,,0.108625,,6070
16100141395969,精算待ち(確定なし),クーパン1,2025-09,ハセガワ 1/35 建機シリーズ ヤンマー コンバイン YH,34149,,,0.1054107,,3600
30100158186293,精算待ち(確定なし),クーパン1,2025-12,富士フイルム(FUJIFILM) リバーサルフィルム フジク,211864,,,0.108625,,23014
24100152882197,精算待ち(確定なし),クーパン2,2025-11,コバックス(KOVAX)バフレックス グリーン シート（箱）,136686,,,0.1068876,,14610
31100142540228,精算待ち(確定なし),クーパン1,2025-09,[LAD WEATHER] ダイバーズ ウォッチ 水深計 水,118815,,,0.1054107,,12524
10100123134475,精算待ち(確定なし),クーパン2,2025-07,TELESIN GoProと互換用 ダブルクランプ マウント,39952,,,0.1076677,,4302
27100155501165,精算待ち(確定なし),クーパン1,2025-11,仮面ライダーガッチャード DXクロスホッパー＆テンライナー,34443,,,0.1068876,,3682
19100137552115,精算待ち(確定なし),クーパン1,2025-09,HUAWEI WATCH GT 5 Pro 46mm スマー,374761,,,0.1054107,,39504
16100151816804,精算待ち(確定なし),クーパン1,2025-11,【公式ストア限定】 リファ ストレートアイロン プロ/ReF,226274,,,0.1068876,,24186
25100147907687,精算待ち(確定なし),クーパン1,2025-10,Figma 涼宮ハルヒの憂鬱 涼宮ハルヒ チアガールver.,70960,,,0.1076969,,7642
9100131745115,精算待ち(確定なし),クーパン2,2025-08,ホリカホリカ エッセンスBB Wデーションネオプラス,83802,,,0.1059,,8875
12100126106883,精算待ち(確定なし),クーパン1,2025-07,アイドルタイムプリパラ 夢オールスターライブ! - 3DS,32352,,,0.1076677,,3483
25100159599922,精算待ち(確定なし),クーパン2,2025-12,ソニー(SONY) ポータブルスピーカー SRS-XB13 ,64810,,,0.108625,,7040
13100135658385,精算待ち(確定なし),クーパン2,2025-08,シンワ測定(Shinwa Sokutei) 丸ノコガイド定規,57494,,,0.1059,,6089
19100140535353,精算待ち(確定なし),クーパン1,2025-09,YA-MAN(ヤーマン) メディリフトアイ,208465,,,0.1054107,,21974
8100133762240,精算待ち(確定なし),クーパン1,2025-08,4 in 1 キーボード マウス コンバーター セット、ゲー,46707,,,0.1059,,4946
8100131787320,精算待ち(確定なし),クーパン1,2025-08,VICTORINOX(ビクトリノックス) ビクトリノックス@,82156,,,0.1059,,8700
13100150241592,精算待ち(確定なし),クーパン1,2025-11,[ReliBeauty] 王子様 コスプレ 衣装 子供 ハロ,43895,,,0.1068876,,4692
30100134120495,精算待ち(確定なし),クーパン2,2025-08,【国内正規品】StriVectin ストリベクチン エイジン,51024,,,0.1059,,5403
24100145826584,精算待ち(確定なし),クーパン2,2025-10,ダイワ(DAIWA) 磯用レバーブレーキリール 23シグナス,205617,,,0.1076969,,22144
16100152982814,精算待ち(確定なし),クーパン2,2025-11,マテル ジュラシックワールド(JURASSIC WORLD),52136,,,0.1068876,,5573
28100143504775,精算待ち(確定なし),クーパン1,2025-10,KREAFUNK (クレアファンク) aGO II (シェイ,79486,,,0.1076969,,8560
21100136159576,精算待ち(確定なし),クーパン1,2025-08,[カシオ]CASIO 腕時計 G-SHOCK ジーショック ,389224,,,0.1059,,41219
9100148525931,精算待ち(確定なし),クーパン1,2025-10,ZOOM ズーム F3 フィールドレコーダー 2チャンネル入,352591,,,0.1076969,,37973
5100139760210,精算待ち(確定なし),クーパン1,2025-09,ちいかわ パジャマパーティーズセット (セット購入特典ポスト,86437,,,0.1054107,,9111
19100130811706,精算待ち(確定なし),クーパン1,2025-08,[セイコーウオッチ] 腕時計 セイコー セレクション クオー,178828,,,0.1059,,18938
11100150348393,精算待ち(確定なし),クーパン2,2025-11,マテル(MATTEL) ジュラシックワールド(JURASSI,35466,,,0.1068876,,3791
8100144792764,精算待ち(確定なし),クーパン2,2025-10,BANDAI SPIRITS(バンダイ スピリッツ) RG ,54966,,,0.1076969,,5920
11100129418715,精算待ち(確定なし),クーパン2,2025-07,Anker Soundcore Sleep A20 （ワイヤ,192765,,,0.1076677,,20755
6100139364478,精算待ち(確定なし),クーパン2,2025-09,【国内正規品】PHILIPS(フィリップス) TAA7607,95871,,,0.1054425,,10109
11100154558036,精算待ち(確定なし),クーパン2,2025-11,OLYMPUS ミラーレス一眼 9mm f8 フィッシュアイ,102653,,,0.1068876,,10972
32100162294407,精算待ち(確定なし),クーパン2,2025-12,VICTORINOX(ビクトリノックス) オニキスブラックコ,174511,,,0.108625,,18956
25100154890888,精算待ち(確定なし),クーパン2,2025-11,シマノ(SHIMANO) レバーブレーキ スピニングリール ,257539,,,0.1068876,,27528
22100157619841,精算待ち(確定なし),クーパン2,2025-12,コクヨ(KOKUYO) テープのり のり ドットライナー 詰,46449,,,0.108625,,5046
3100135066340,精算待ち(確定なし),クーパン1,2025-08,[FUANNA] ネックレス メンズ 人気 タングステン ネ,42124,,,0.1059,,4461
10100139934504,精算待ち(確定なし),クーパン2,2025-09,BANDAI SPIRITS(バンダイ スピリッツ) RG ,49297,,,0.1054425,,5198
8100150779486,精算待ち(確定なし),クーパン2,2025-11,「DayDay特別版」で紹介！【TVCM放映中！小松菜奈さん,204139,,,0.1068876,,21820
21100130994956,精算待ち(確定なし),クーパン1,2025-08,【医療メーカーが作るサポーターブランド】メディエイド フィッ,37656,,,0.1059,,3988
5100137603932,精算待ち(確定なし),クーパン1,2025-09,BANDAI SPRITS RG 1/144 ガンダムアスト,91572,,,0.1054107,,9653
2025020731201521,精算待ち(確定なし),クーパン1,2025-02,バンダイスピリッツ HG 1/144 ガンダム プルトーネ,68023,,,0.1035,,7040
28100130494593,精算待ち(確定なし),クーパン2,2025-08,NEEWER 垂直カメラマウント RS4 RS3用 縦型カメ,59318,,,0.1059,,6282
17100123576250,精算待ち(確定なし),クーパン2,2025-07,ダイワ(DAIWA) ベイトリール ジリオン SV TW 1,283038,,,0.1076677,,30474
6100131707822,精算待ち(確定なし),クーパン2,2025-08,SANWA(三和電気計器) デジタルテスター CD732,100935,,,0.1059,,10689
16100114227510,精算待ち(確定なし),クーパン2,2025-05,ソニー(SONY) ポータブルスピーカー SRS-XB13 ,63688,,,0.1045997,,6662
3100150551817,精算待ち(確定なし),クーパン1,2025-11,SEIKO SSG010 セイコー 電波ソーラー ワールドタ,621318,,,0.1068876,,66411
11100160937464,精算待ち(確定なし),クーパン1,2025-12,KORG(コルグ) ボリューム/エクスプレッションペダル E,85013,,,0.108625,,9235
24100127237518,精算待ち(確定なし),クーパン2,2025-07,通販エレキバンＭＡＸ２００　２４粒入 × 3個セット,47864,,,0.1076677,,5153
25100154478493,精算待ち(確定なし),クーパン2,2025-11,30MF ローザンナイト 色分け済みプラモデル,95177,,,0.1068876,,10173
8100154320634,精算待ち(確定なし),クーパン1,2025-11,【シリコーン素材】【タナック】タフシロン人工筋肉膝用サポータ,42658,,,0.1068876,,4560
18100161880116,精算待ち(確定なし),クーパン2,2025-12,仮面ライダージオウ　DXオーマジオウライドウォッチ,71200,,,0.108625,,7734
26100146033276,精算待ち(確定なし),クーパン1,2025-10,アクラス Switch/PS5/PS4用 ワイヤレスマイクP,39009,,,0.1076969,,4201
15100151772900,精算待ち(確定なし),クーパン1,2025-11,AbuGarcia (アブガルシア) ZENON 2500S,308056,,,0.1068876,,32927
7100160998023,精算待ち(確定なし),クーパン1,2025-12,VICTORINOX(ビクトリノックス) ワークチャンプ 全,141750,,,0.108625,,15398
25100093415886,精算待ち(確定なし),クーパン2,2025-01,アムウェイ Amway ガラスクリーナー 109859J,0,,,0.1068,,0
21100137439795,精算待ち(確定なし),クーパン1,2025-09,VOX ヴォックス ケーブル ギター&ベースシールド カール,46930,,,0.1054107,,4947
8100127408518,精算待ち(確定なし),クーパン1,2025-07,メデラ 乳頭保護器 ブレストシェル 2個入り 炎症や亀裂を発,37077,,,0.1076677,,3992
12100128080439,精算待ち(確定なし),クーパン1,2025-07,[セイコー] 腕時計 セイコーimport SEIKO 5 ,127484,,,0.1076677,,13726
16100137784500,精算待ち(確定なし),クーパン1,2025-09,【青山加織プロ監修のゴルフ練習器具】ダウンブローマスター 手,60992,,,0.1054107,,6429
9100104337202,精算待ち(確定なし),クーパン1,2025-03,正官庄(ジョンガンジャン) 紅参精エブリタイムV(バリュー),43450,,,0.1019,,4428
14100148362846,精算待ち(確定なし),クーパン1,2025-10,ソニー LinkBuds :完全ワイヤレスイヤホン/小型軽量,134906,,,0.1076969,,14529
14100133751690,精算待ち(確定なし),クーパン2,2025-08,ソニー(SONY) ポータブルスピーカー SRS-XB13 ,64810,,,0.1059,,6863
20100145424445,精算待ち(確定なし),クーパン1,2025-10,キングストン Kingston FURY デスクトップPC用,199582,,,0.1076969,,21494
15100148646079,精算待ち(確定なし),クーパン1,2025-10,VICTORINOX(ビクトリノックス) エスコート スイス,34532,,,0.1076969,,3719
13100153056366,精算待ち(確定なし),クーパン1,2025-11,NARUMI(ナルミ) マグカップ ブルーフラワー 300c,26887,,,0.1068876,,2874
19100143336102,精算待ち(確定なし),クーパン1,2025-09,K&F Concept DJI OSMO Pocket 3用,49039,,,0.1054107,,5169
15100153445983,精算待ち(確定なし),クーパン1,2025-11,"
ダイワ(DAIWA) 21 フリーギア MX 360TKH",319590,,,0.1068876,,34160
21100140407223,精算待ち(確定なし),クーパン1,2025-09,コロンバスサークル（GC/N64/SFC/NewFC用）HD,61810,,,0.1054107,,6515
31100140518851,精算待ち(確定なし),クーパン1,2025-09,[セイコー] 純正 20mm ダイバー用 ウレタン バンド ,40139,,,0.1054107,,4231
6100129614628,精算待ち(確定なし),クーパン1,2025-07,ZOOM ズーム CBG-6 G6/B6用キャリングバッグ,57307,,,0.1076677,,6170
6100147890226,精算待ち(確定なし),クーパン1,2025-10,阿蘇製薬 デルガード 磁気バンX 強力タイプ 48粒,27359,,,0.1076969,,2946
17100128648464,精算待ち(確定なし),クーパン1,2025-07,Schlagwerk シュラグヴェルク カホニート SR-D,170382,,,0.1076677,,18345
30100127413514,精算待ち(確定なし),クーパン2,2025-07,ミューノアージュ Wアプローチヘアプログラム [医薬部外品 ,83144,,,0.1076677,,8952
31100138586411,精算待ち(確定なし),クーパン2,2025-09,ダイワ(DAIWA) ベイトリール 24バス X100H,79068,,,0.1054425,,8337
8100124030108,精算待ち(確定なし),クーパン2,2025-07,[バンダイ] DXタランチュラアビス,178552,,,0.1076677,,19224
30100127074610,精算待ち(確定なし),クーパン1,2025-07,ハセガワ 1/35 建機シリーズ ヤンマー コンバイン YH,34042,,,0.1076677,,3665
1100153326343,精算待ち(確定なし),クーパン2,2025-11,クリンスイ 浄水器 蛇口直結型 CSPシリーズ 交換カートリ,76878,,,0.1068876,,8217
10100139358645,精算待ち(確定なし),クーパン1,2025-09,MTG ReFa SKIM SHAVER（リファスキムシェー,57004,,,0.1054107,,6009
25100150649637,精算待ち(確定なし),クーパン1,2025-11,figma 涼宮ハルヒの憂鬱 長門有希 制服ver.,67978,,,0.1068876,,7266
4100147729959,精算待ち(確定なし),クーパン2,2025-10,[カシオ]CASIO 腕時計 G-SHOCK SKY COC,298088,,,0.1076969,,32103
26100154816920,精算待ち(確定なし),クーパン1,2025-11,デロンギ コーヒーマシン用除石灰剤 100ml×2本 deL,29913,,,0.1068876,,3197
9100127601985,精算待ち(確定なし),クーパン1,2025-07,OM SYSTEM/オリンパス レンズキャップ LC-62G,26798,,,0.1076677,,2885
2100150724314,精算待ち(確定なし),クーパン1,2025-11,サンエックス すみっコぐらし スーパーもーちもちぬいぐるみ ,60262,,,0.1068876,,6441
1100139807253,精算待ち(確定なし),クーパン2,2025-09,ソニー(SONY) ポータブルスピーカー SRS-XB13 ,64810,,,0.1054425,,6834
30100154251351,精算待ち(確定なし),クーパン2,2025-11,ハーバライフ HERBALIFE フォーミュラ1プロテインド,74680,,,0.1068876,,7982
1100139313795,精算待ち(確定なし),クーパン1,2025-09,DAFI ダフィ 浄水ボトル SOLID ソリッド 携帯用 ,46173,,,0.1054107,,4867
26100128107985,精算待ち(確定なし),クーパン2,2025-07,HARIO ガラスの手仕事保存びん 1000mL GHB-1,33393,,,0.1076677,,3595
26100133617696,精算待ち(確定なし),クーパン1,2025-08,VICTORINOX(ビクトリノックス) サイバーツール M,144839,,,0.1059,,15338
16100133014864,精算待ち(確定なし),クーパン1,2025-08,ダイワ(DAIWA) 磯竿 トーナメント磯 4-53遠投･K,600465,,,0.1059,,63589
4100162759163,精算待ち(確定なし),クーパン2,2025-12,30MF ローザンナイト 色分け済みプラモデル,45426,,,0.108625,,4934
13100130865025,精算待ち(確定なし),クーパン1,2025-08,エレコム マウス ワイヤレス トラックボール (親指) 左手,51068,,,0.1059,,5408
28100143588942,精算待ち(確定なし),クーパン1,2025-10,日本製線 LAN用プラグツール NST88,194785,,,0.1076969,,20978
11100149093136,精算待ち(確定なし),クーパン2,2025-10,SONY(ソニー) GP-VPT3 ブラック ワイヤレスシュ,135770,,,0.1076969,,14622
21100140112889,精算待ち(確定なし),クーパン1,2025-09,[カシオ]CASIO 腕時計 G-SHOCK ジーショック ,404104,,,0.1054107,,42597
10100136534715,精算待ち(確定なし),クーパン1,2025-08,SwitchBot 温湿度計 プロ スマホで管理 アレクサ ,47054,,,0.1059,,4983
24100146209425,精算待ち(確定なし),クーパン2,2025-10,ダイワ(DAIWA) エギング専用リール 24エメラルダス ,149734,,,0.1076969,,16126
22100146209111,精算待ち(確定なし),クーパン2,2025-10,[シチズン] 腕時計 シチズン コレクション 光発電エコ・ド,173399,,,0.1076969,,18675
17100143440951,精算待ち(確定なし),クーパン1,2025-09,Momcozy M5 搾乳機 電動 着用式コードレスさく乳器,324547,,,0.1054107,,34211
2100154222586,精算待ち(確定なし),クーパン2,2025-11,ニューモ ファーマフーズ 30ml お試しサイズ 3年連続世,41323,,,0.1068876,,4417
8100128995449,精算待ち(確定なし),クーパン2,2025-07,コクヨ(KOKUYO) テープのり のり ドットライナー 詰,46360,,,0.1076677,,4991
17100139843659,精算待ち(確定なし),クーパン2,2025-09,レキシリス.ブラック スカルプローション (100ｍL) ヘ,104237,,,0.1054425,,10991
27100144873754,精算待ち(確定なし),クーパン1,2025-10,ARMOR アルモア FRP製エフェクターボード PS-3C,200989,,,0.1076969,,21646
3100131522167,精算待ち(確定なし),クーパン2,2025-08,クリエイティブ・メディア Sound Blaster G3 ,63813,,,0.1059,,6758
20100151917629,精算待ち(確定なし),クーパン1,2025-11,OLYMPUS 単一指向性マイクロフォンセット ME52W,33170,,,0.1068876,,3545
6100140106688,精算待ち(確定なし),クーパン1,2025-09,KAWAI SH-7 電子ピアノ用ヘッドホン セミオープンエ,90709,,,0.1054107,,9562
16100155488765,精算待ち(確定なし),クーパン1,2025-11,ソニー(SONY) ワイヤレスネックバンドスピーカー SRS,130465,,,0.1068876,,13945
11100145210929,精算待ち(確定なし),クーパン2,2025-10,ピップエレキバン 足裏バンド 130ミリテスラ 2個入り 磁,34220,,,0.1076969,,3685
3100148421408,精算待ち(確定なし),クーパン2,2025-10,ソニー ICレコーダー 4GB 単4電池対応 ICD-PX2,81702,,,0.1076969,,8799
18100150163202,精算待ち(確定なし),クーパン1,2025-11,AVerMedia LIVE STREAMER MIC 35,154629,,,0.1068876,,16528
26100138517642,精算待ち(確定なし),クーパン1,2025-09,嘉之助 日置蒸溜蔵 HIOKI POT STILL KNOS,113671,,,0.1054107,,11982
4100136348337,精算待ち(確定なし),クーパン2,2025-08,[カシオ] 腕時計 ジーショック【国内正規品】 G-LIDE,160965,,,0.1059,,17046
10100135396054,精算待ち(確定なし),クーパン1,2025-08,仮面ライダービルド 変身煙銃 DXトランスチームガン,88422,,,0.1059,,9364
8100130139246,精算待ち(確定なし),クーパン1,2025-07,[セイコーimport]SEIKO 腕時計 逆輸入 海外モデ,137051,,,0.1076677,,14756
20100157376389,精算待ち(確定なし),クーパン1,2025-12,[ツェッペリン]ZEPPELIN 腕時計 100周年 アイボ,286936,,,0.108625,,31168
20100128921762,精算待ち(確定なし),クーパン1,2025-07,FLUKE (フルーク) ボルトライト 検電器【国内正規品】,59052,,,0.1076677,,6358
25100154707513,精算待ち(確定なし),クーパン1,2025-11,ROCKBOARD by Warwick エフェクター用LE,52172,,,0.1068876,,5577
23100135758745,精算待ち(確定なし),クーパン1,2025-08,ZWILLING ツヴィリング 「 バイタリティ シチューポ,129869,,,0.1059,,13753
4100156947746,精算待ち(確定なし),クーパン2,2025-12,[カシオ] 腕時計 ジーショック 【国内正規品】 GWG-B,1031332,,,0.108625,,112028
1100131601026,精算待ち(確定なし),クーパン1,2025-08,"
TAMASHII NATIONS S.H.フィギュアーツ ",96823,,,0.1059,,10254
27100126109480,精算待ち(確定なし),クーパン2,2025-07,スーパー戦隊シリーズ 海賊戦隊ゴーカイジャー VOL.3 [,42987,,,0.1076677,,4628
25100156694601,精算待ち(確定なし),クーパン1,2025-12,VICTORINOX(ビクトリノックス) クラシック ヤッタ,45310,,,0.108625,,4922
3100136156212,精算待ち(確定なし),クーパン1,2025-08,ヤマハ AVレシーバー RX-A4A (B),1050690,,,0.1059,,111268
32100146674450,精算待ち(確定なし),クーパン2,2025-10,マッサージガンヘッド、防水交換可能なマッサージャーガンアタッ,28631,,,0.1076969,,3084
14100141675581,精算待ち(確定なし),クーパン1,2025-09,ブッシュネル（Bushnell） レーザー距離計 ピンシーカ,329887,,,0.1054107,,34774
4100140816139,精算待ち(確定なし),クーパン1,2025-09,BRIO (ブリオ) WORLD バッテリーパワーアクション,35110,,,0.1054107,,3701
3100126761124,精算待ち(確定なし),クーパン1,2025-07,プリティーリズム マイ☆デコレインボーウエディング(限定レア,61819,,,0.1076677,,6656
10100127653513,精算待ち(確定なし),クーパン2,2025-07,クリンスイ 浄水器 蛇口直結型 CSPシリーズ 交換カートリ,76780,,,0.1076677,,8267
6100147075527,精算待ち(確定なし),クーパン2,2025-10,クリンスイ 浄水器 蛇口直結型 カートリッジ計3個入り [交,54406,,,0.1076969,,5859
7100152061540,精算待ち(確定なし),クーパン1,2025-11,ＲＧ 1/144 アカツキガンダム用シラヌイパック & ＨＧ,77439,,,0.1068876,,8277
1100141536062,精算待ち(確定なし),クーパン2,2025-09,ソニー(SONY) ポータブルスピーカー SRS-XB13 ,64810,,,0.1054425,,6834
5100159784592,精算待ち(確定なし),クーパン2,2025-12,nanoblock カワダ(Kawada) ナノブロック ダ,38804,,,0.108625,,4215
11100129640719,精算待ち(確定なし),クーパン1,2025-07,TAMASHII NATIONS ROBOT魂 機動戦士ガン,79958,,,0.1076677,,8609
32100147316823,精算待ち(確定なし),クーパン2,2025-10,[コミネ] バイク用 グローブ プロテクトウィンターグローブ,59301,,,0.1076969,,6387
24100150660446,精算待ち(確定なし),クーパン2,2025-11,ソニー(SONY) ポータブルスピーカー SRS-XB13 ,64721,,,0.1068876,,6918
8100139033642,精算待ち(確定なし),クーパン2,2025-09,デジタルカメラ4K 60FPS 4800万画素 フリップスク,104984,,,0.1054425,,11070
16100162742393,精算待ち(確定なし),クーパン2,2025-12,シマノ(SHIMANO) スピニングリール 25ツインパワー,431748,,,0.108625,,46899
23100133342091,精算待ち(確定なし),クーパン1,2025-08,SEIKO SSG010 セイコー 電波ソーラー ワールドタ,660958,,,0.1059,,69996
4100143906762,精算待ち(確定なし),クーパン2,2025-10,SONY 有線 密閉型スタジオモニターヘッドホン 黒 MDR,176434,,,0.1076969,,19001
6100145585134,精算待ち(確定なし),クーパン2,2025-10,MITORI 2段式 コロナ感染抑える高速弁当箱炊飯器 0.,70168,,,0.1076969,,7557
5100151179204,精算待ち(確定なし),クーパン2,2025-11,シーガルフォー (Seagull IV) 浄水器 旧シーガル,175036,,,0.1068876,,18709
28100152413792,精算待ち(確定なし),クーパン1,2025-11,カシオ 腕時計 G-SHOCK SKY COCKPIT 海外,300117,,,0.1068876,,32079
21100159464626,精算待ち(確定なし),クーパン2,2025-12,JVCケンウッド Victor SP-WS02BT Blue,150908,,,0.108625,,16392
20100139608477,精算待ち(確定なし),クーパン1,2025-09,富士フイルム(FUJIFILM) リバーサルフィルム フジク,191555,,,0.1054107,,20192
30100146435169,精算待ち(確定なし),クーパン1,2025-10,ブッシュネル（Bushnell） レーザー距離計 ピンシーカ,326212,,,0.1076969,,35132
23100156679330,精算待ち(確定なし),クーパン1,2025-12,[セイコー] SEIKO 5 SPORTS 自動巻き メカニ,376692,,,0.108625,,40918
4100161341733,精算待ち(確定なし),クーパン1,2025-12,ビクセン(Vixen) 星座 星空用双眼鏡 SG2x40f ,155323,,,0.108625,,16872
2100125840640,精算待ち(確定なし),クーパン1,2025-07,仮面ライダーW（ダブル） RETURNS 仮面ライダーエター,43094,,,0.1076677,,4640
21100137496342,精算待ち(確定なし),クーパン1,2025-09,MTG ReFa SKIM SHAVER（リファスキムシェー,57343,,,0.1054107,,6045
10100126143924,精算待ち(確定なし),クーパン2,2025-07,おでこのシワ、ほうれい線、目元のシワ改善 シワ取りクリーム ,49475,,,0.1076677,,5327
2100132037744,精算待ち(確定なし),クーパン2,2025-08,SCHLEICH シュライヒ 恐竜 ティラノサウルス・レック,30794,,,0.1059,,3261
14100162464085,精算待ち(確定なし),クーパン1,2025-12,ブラウン オーラルB D6015253P,63697,,,0.108625,,6919
24100128850897,精算待ち(確定なし),クーパン1,2025-07,[セイコーウオッチ] 腕時計 セイコー セレクション クオー,182575,,,0.1076677,,19657
5100141202926,精算待ち(確定なし),クーパン2,2025-09,[TIMEX(タイメックス)] タイメックス 腕時計 メンズ,243317,,,0.1054425,,25656
2100141141458,精算待ち(確定なし),クーパン1,2025-09,パナソニック ブルーレイプレーヤー DP-UB45S-K [,282094,,,0.1054107,,29736
21100148978966,精算待ち(確定なし),クーパン2,2025-10,クリンスイ 浄水器 ポット型 カートリッジ計1個入り [本体,37149,,,0.1076969,,4001
12100091676864,要確認(除外statusだが入金),クーパン1,2025-01,【Amazon.co.jp限定】 オーディオテクニカ ATH,,198304,,,,
6100107056538,要確認(除外statusだが入金),クーパン2,2025-04,ミキモト ムーンパール バイタライジングクリーム N 30g,,115866,,,,
6100104595371,要確認(除外statusだが入金),クーパン2,2025-03,京商 ラジオコントロール 電動 ツーリングカー ファーストミ,,69237,,,,
